2001-01-27,1,2,5,20,27,33
2001-02-03,1,2,11,15,32,34
2001-02-10,11,13,27,30,32,39
2001-02-17,15,20,21,29,32,44
2001-02-24,3,6,16,22,38,44
2001-03-03,17,21,26,31,39,40
2001-03-10,1,12,22,29,31,33
2001-03-17,5,14,18,38,40,45
2001-03-24,4,19,25,28,39,41
2001-03-31,1,6,13,18,25,41
2001-04-07,1,3,15,18,27,37
2001-04-14,3,6,13,24,29,31
2001-04-21,4,14,15,17,21,25
2001-04-28,1,10,19,33,36,40
2001-05-05,5,10,21,26,34,40
2001-05-12,4,6,15,20,32,43
2001-05-19,1,18,19,21,39,43
2001-05-26,17,24,30,38,43,44
2001-06-02,8,15,23,29,30,37
2001-06-09,6,7,12,13,16,25
2001-06-16,3,10,11,14,36,41
2001-06-23,2,5,15,21,31,41
2001-06-30,9,28,33,34,38,45
2001-07-07,12,20,23,32,37,40
2001-07-11,9,11,21,34,39,42
2001-07-14,8,24,33,36,38,44
2001-07-18,14,18,21,22,28,34
2001-07-21,9,18,21,28,41,43
2001-07-25,5,10,18,24,30,44
2001-07-28,11,12,21,36,40,41
2001-08-01,13,19,21,24,40,43
2001-08-04,11,15,26,32,35,36
2001-08-08,10,11,21,30,44,45
2001-08-11,13,16,21,25,29,43
2001-08-15,3,12,14,37,40,44
2001-08-18,1,16,19,25,38,44
2001-08-22,2,4,9,16,17,23
2001-08-25,4,5,8,13,15,36
2001-08-29,3,4,9,10,12,42
2001-09-01,13,23,25,27,38,40
2001-09-05,24,27,36,37,41,43
2001-09-08,14,18,22,28,32,35
2001-09-12,18,28,30,32,34,37
2001-09-15,1,6,7,12,27,34
2001-09-19,4,15,25,29,30,44
2001-09-22,2,14,21,28,33,37
2001-09-26,1,7,11,12,24,39
2001-09-29,4,9,13,28,32,43
2001-10-03,1,6,11,13,19,36
2001-10-06,8,15,16,22,34,38
2001-10-10,14,17,28,37,41,43
2001-10-13,15,24,25,33,37,43
2001-10-17,2,12,14,18,31,45
2001-10-20,13,15,22,28,30,38
2001-10-24,13,17,27,31,39,42
2001-10-27,2,18,22,33,35,45
2001-10-31,5,7,10,15,16,22
2001-11-03,3,15,20,28,30,40
2001-11-07,2,8,24,26,36,45
2001-11-10,11,13,16,34,37,40
2001-11-14,7,9,22,25,32,37
2001-11-17,19,21,23,24,31,44
2001-11-21,6,18,25,29,31,42
2001-11-24,19,20,22,32,41,45
2001-11-28,16,17,19,29,31,33
2001-12-01,17,22,24,28,34,37
2001-12-05,17,19,20,21,34,35
2001-12-08,2,9,27,33,36,41
2001-12-12,5,7,17,29,31,32
2001-12-15,3,13,27,33,42,43
2001-12-19,11,13,16,33,39,40
2001-12-22,1,9,14,15,25,43
2001-12-26,6,12,30,33,38,43
2001-12-29,8,10,12,24,28,31
2002-01-02,12,14,30,32,38,41
2002-01-05,19,20,21,22,23,33
2002-01-09,2,9,19,27,33,45
2002-01-12,1,21,29,30,36,42
2002-01-16,6,7,17,33,39,44
2002-01-19,9,10,31,38,42,44
2002-01-23,2,7,17,32,41,44
2002-01-26,2,4,16,28,33,34
2002-01-30,10,16,20,26,35,37
2002-02-02,1,10,21,23,33,38
2002-02-06,6,11,23,24,36,42
2002-02-09,6,7,9,15,19,33
2002-02-13,1,5,7,10,16,32
2002-02-16,18,23,24,34,37,42
2002-02-20,3,6,26,33,34,44
2002-02-23,16,21,27,35,39,42
2002-02-27,4,5,28,39,42,44
2002-03-02,6,11,18,28,29,42
2002-03-06,9,14,18,30,32,37
2002-03-09,8,16,25,26,27,39
2002-03-13,5,7,23,29,30,40
2002-03-16,1,3,24,28,32,43
2002-03-20,1,4,18,27,34,42
2002-03-23,3,19,24,29,41,45
2002-03-27,6,12,26,30,35,37
2002-03-30,9,22,30,33,38,41
2002-04-03,14,16,17,26,28,41
2002-04-06,9,10,24,26,33,40
2002-04-10,14,28,30,31,37,39
2002-04-13,1,16,18,36,39,40
2002-04-17,12,15,24,30,39,42
2002-04-20,1,4,27,30,36,42
2002-04-24,16,19,20,23,24,28
2002-04-27,6,13,18,21,30,36
2002-05-04,6,12,36,42,43,44
2002-05-08,3,12,16,26,30,41
2002-05-11,8,15,19,25,30,36
2002-05-15,1,18,23,27,30,34
2002-05-18,5,6,12,27,40,41
2002-05-22,3,11,26,40,42,45
2002-05-25,8,12,25,33,36,38
2002-05-29,1,2,12,15,25,36
2002-06-01,5,6,13,16,37,39
2002-06-05,5,6,25,27,35,38
2002-06-08,2,3,15,20,32,37
2002-06-12,8,11,13,29,42,45
2002-06-15,1,8,10,22,35,44
2002-06-19,2,20,24,28,31,38
2002-06-22,6,17,30,31,35,38
2002-06-26,8,25,31,35,39,44
2002-06-29,13,21,22,28,29,45
2002-07-03,3,26,35,40,43,45
2002-07-06,1,11,16,20,40,41
2002-07-10,1,27,36,38,41,43
2002-07-13,1,3,6,7,24,41
2002-07-17,4,8,13,27,41,43
2002-07-20,2,18,26,27,36,44
2002-07-24,7,12,15,26,28,35
2002-07-27,4,9,20,22,37,44
2002-07-31,5,8,13,18,19,24
2002-08-03,2,4,9,12,42,44
2002-08-07,8,14,21,28,30,43
2002-08-10,1,3,12,19,27,42
2002-08-14,5,9,10,14,18,31
2002-08-17,9,10,22,23,28,32
2002-08-21,12,15,16,19,42,44
2002-08-24,15,18,19,38,40,42
2002-08-28,15,16,26,33,38,44
2002-08-31,3,9,12,34,35,45
2002-09-04,8,13,21,34,41,42
2002-09-07,5,9,10,18,29,45
2002-09-11,1,6,23,30,33,38
2002-09-14,8,17,19,25,39,42
2002-09-18,6,18,19,23,32,33
2002-09-21,4,11,19,26,27,35
2002-09-25,10,20,21,23,28,35
2002-09-28,16,18,22,40,41,43
2002-10-02,3,5,9,15,31,37
2002-10-05,6,30,37,38,42,44
2002-10-09,16,20,26,35,41,42
2002-10-12,8,11,23,30,40,45
2002-10-16,5,15,18,34,35,36
2002-10-19,3,4,10,11,17,30
2002-10-23,6,14,16,18,20,26
2002-10-26,1,7,11,15,17,24
2002-10-30,2,24,27,32,39,44
2002-11-02,17,21,27,28,43,44
2002-11-06,2,4,14,32,35,38
2002-11-09,4,5,19,24,31,35
2002-11-13,3,13,32,39,40,41
2002-11-16,3,5,11,15,23,27
2002-11-20,1,9,10,28,32,37
2002-11-23,11,13,17,33,37,42
2002-11-27,11,16,26,30,35,44
2002-11-30,10,16,35,37,41,43
2002-12-04,2,4,11,22,29,33
2002-12-07,15,22,29,42,44,45
2002-12-11,26,28,30,31,32,42
2002-12-14,2,9,16,25,32,35
2002-12-18,12,15,21,27,38,45
2002-12-21,3,15,19,24,25,38
2002-12-25,6,12,13,25,31,44
2002-12-28,4,7,23,39,40,45
2003-01-01,3,5,11,14,24,27
2003-01-04,8,11,14,28,41,43
2003-01-08,5,13,20,30,33,39
2003-01-11,3,5,7,9,16,29
2003-01-15,5,13,17,23,24,25
2003-01-18,4,7,26,36,37,43
2003-01-22,4,10,14,21,33,43
2003-01-25,7,18,21,30,31,39
2003-01-29,11,17,23,24,25,38
2003-02-01,10,11,16,25,31,40
2003-02-05,5,20,21,25,30,42
2003-02-08,2,4,8,23,27,32
2003-02-12,3,10,20,33,35,36
2003-02-15,19,21,32,33,42,44
2003-02-19,1,3,11,14,28,34
2003-02-22,13,18,23,31,36,42
2003-02-26,3,4,19,21,26,29
2003-03-01,1,5,16,19,25,42
2003-03-05,3,4,6,7,26,29
2003-03-08,3,5,28,40,44,45
2003-03-12,5,7,12,17,19,21
2003-03-15,3,5,10,31,40,41
2003-03-19,5,17,20,22,36,38
2003-03-22,3,10,17,31,38,39
2003-03-26,17,23,24,26,41,43
2003-03-29,1,2,18,23,34,38
2003-04-02,16,28,33,35,41,42
2003-04-05,4,20,25,26,28,40
2003-04-09,15,16,29,31,34,41
2003-04-12,7,12,17,33,39,40
2003-04-16,5,7,16,30,33,40
2003-04-19,13,22,32,33,39,45
2003-04-23,10,15,19,34,36,43
2003-04-26,2,22,25,26,32,37
2003-04-30,3,10,13,15,31,42
2003-05-03,8,13,20,21,24,26
2003-05-07,14,22,23,35,41,44
2003-05-10,27,28,33,39,42,43
2003-05-14,9,19,25,28,34,45
2003-05-17,7,9,14,19,30,32
2003-05-21,14,15,19,20,38,44
2003-05-24,1,9,11,19,25,45
2003-05-28,3,8,15,16,19,20
2003-05-31,1,20,24,27,32,40
2003-06-04,1,2,6,15,32,40
2003-06-07,4,14,25,32,34,36
2003-06-11,1,4,11,13,19,25
2003-06-14,1,11,26,34,39,41
2003-06-18,7,19,24,35,39,45
2003-06-21,28,30,33,34,35,44
2003-06-25,20,23,33,37,40,42
2003-06-28,3,11,17,26,28,38
2003-07-02,4,14,20,27,30,33
2003-07-05,12,17,22,26,27,36
2003-07-09,1,2,23,28,32,40
2003-07-12,9,24,27,28,32,39
2003-07-16,2,3,5,15,26,43
2003-07-19,10,19,24,27,28,36
2003-07-23,14,23,26,30,36,41
2003-07-26,3,22,23,31,36,37
2003-07-30,9,22,26,35,40,43
2003-08-02,2,5,7,12,28,30
2003-08-06,1,3,7,12,40,45
2003-08-09,3,9,16,17,37,44
2003-08-13,5,16,22,26,27,44
2003-08-16,7,18,23,30,31,37
2003-08-20,8,11,15,16,42,43
2003-08-23,4,6,26,36,37,38
2003-08-27,2,11,16,18,20,42
2003-08-30,7,8,9,14,32,42
2003-09-03,14,15,16,19,23,29
2003-09-06,2,3,24,32,42,44
2003-09-10,6,9,10,21,28,31
2003-09-13,6,18,22,27,37,40
2003-09-17,19,20,26,41,42,44
2003-09-20,8,14,18,22,28,40
2003-09-24,10,21,24,26,30,44
2003-09-27,2,7,9,17,28,41
2003-10-01,3,4,6,14,15,25
2003-10-04,21,23,27,33,40,45
2003-10-08,7,20,33,36,39,42
2003-10-11,6,12,21,32,36,43
2003-10-15,3,4,11,27,35,38
2003-10-18,2,10,12,18,29,42
2003-10-22,11,27,32,39,42,45
2003-10-25,3,10,12,21,23,28
2003-10-29,3,21,28,30,32,38
2003-11-01,10,21,22,24,25,44
2003-11-05,15,19,31,32,39,43
2003-11-08,1,11,14,16,17,18
2003-11-12,1,7,8,19,29,34
2003-11-15,3,4,17,20,23,30
2003-11-19,4,12,13,25,38,42
2003-11-22,5,7,12,14,35,43
2003-11-26,10,24,29,40,42,44
2003-11-29,2,25,30,33,43,45
2003-12-03,2,5,10,31,35,41
2003-12-06,5,7,11,26,31,32
2003-12-10,2,5,6,16,21,33
2003-12-13,2,13,16,20,22,43
2003-12-17,27,33,34,40,41,43
2003-12-20,5,7,16,20,29,42
2003-12-24,17,20,23,24,28,37
2003-12-27,4,10,21,24,27,32
2003-12-31,2,16,20,21,26,29
2004-01-03,21,22,27,31,41,42
2004-01-07,7,9,15,26,37,41
2004-01-10,3,4,13,30,31,36
2004-01-14,2,5,13,16,31,34
2004-01-17,13,19,28,34,36,45
2004-01-21,1,6,14,15,18,44
2004-01-24,11,12,25,31,36,37
2004-01-28,17,21,23,25,28,36
2004-01-31,6,8,29,35,43,45
2004-02-04,2,13,16,22,39,41
2004-02-07,6,8,17,32,34,42
2004-02-11,3,19,20,24,37,45
2004-02-14,16,21,22,27,38,43
2004-02-18,5,9,14,17,21,41
2004-02-21,3,6,7,13,21,28
2004-02-25,1,3,20,32,37,45
2004-02-28,14,18,19,30,35,41
2004-03-03,12,25,28,33,35,43
2004-03-06,1,4,7,24,36,43
2004-03-10,9,15,18,19,22,43
2004-03-13,3,6,20,22,33,36
2004-03-17,2,7,15,26,33,36
2004-03-20,6,7,30,37,41,43
2004-03-24,6,31,32,36,42,45
2004-03-27,9,18,21,29,37,41
2004-03-31,5,25,37,40,42,43
2004-04-03,14,18,22,31,37,44
2004-04-07,10,12,26,30,31,38
2004-04-10,14,18,20,21,37,43
2004-04-14,1,2,13,21,29,34
2004-04-17,5,8,9,24,35,44
2004-04-21,11,15,22,26,28,43
2004-04-24,6,22,24,33,40,44
2004-04-28,10,15,23,24,38,40
2004-05-01,10,25,30,36,40,45
2004-05-05,2,8,15,27,35,44
2004-05-08,10,16,21,31,42,43
2004-05-12,2,6,12,25,35,37
2004-05-15,6,9,19,34,35,38
2004-05-19,9,15,34,35,37,42
2004-05-22,4,9,24,27,29,31
2004-05-26,4,18,21,32,36,39
2004-05-29,4,10,14,24,26,38
2004-06-02,5,12,14,24,36,44
2004-06-05,1,2,7,13,35,44
2004-06-09,3,5,7,18,31,40
2004-06-12,11,14,15,16,20,31
2004-06-16,17,21,31,33,36,40
2004-06-19,16,23,24,28,32,44
2004-06-23,6,8,15,19,36,37
2004-06-26,8,12,31,33,40,45
2004-06-30,3,9,12,13,37,40
2004-07-03,18,23,31,35,38,45
2004-07-07,8,10,16,19,23,41
2004-07-10,1,26,27,28,37,39
2004-07-14,4,9,14,26,27,33
2004-07-17,5,13,21,22,33,43
2004-07-21,7,17,20,22,34,37
2004-07-24,5,16,21,24,26,29
2004-07-28,1,11,19,27,38,41
2004-07-31,2,6,9,31,32,36
2004-08-04,8,11,14,28,31,43
2004-08-07,7,15,21,22,28,34
2004-08-11,4,5,12,33,40,43
2004-08-14,7,9,19,21,29,43
2004-08-18,16,24,38,40,42,44
2004-08-21,3,6,24,29,31,37
2004-08-25,2,10,17,29,33,42
2004-08-28,6,17,19,22,28,41
2004-09-01,12,22,25,26,33,42
2004-09-04,2,10,11,24,42,44
2004-09-08,21,33,36,37,40,45
2004-09-11,5,13,16,26,28,31
2004-09-15,4,9,11,37,39,41
2004-09-18,18,21,33,36,37,42
2004-09-22,3,15,24,31,36,39
2004-09-25,24,30,31,33,34,39
2004-09-29,1,5,8,33,35,42
2004-10-02,16,17,21,35,39,41
2004-10-06,8,10,21,22,39,44
2004-10-09,2,34,37,42,44,45
2004-10-13,5,6,19,21,29,36
2004-10-16,8,14,19,25,26,37
2004-10-20,11,26,29,36,38,45
2004-10-23,4,13,14,22,33,38
2004-10-27,7,24,28,32,36,44
2004-10-30,7,16,23,38,41,45
2004-11-03,8,29,36,38,44,45
2004-11-06,4,8,14,23,25,31
2004-11-10,3,4,6,12,21,43
2004-11-13,2,3,6,13,16,26
2004-11-17,8,12,29,34,35,37
2004-11-20,3,10,12,14,38,45
2004-11-24,10,15,18,21,28,35
2004-11-27,10,20,27,29,33,44
2004-12-01,5,8,11,21,42,45
2004-12-04,20,22,31,38,44,45
2004-12-08,5,6,12,14,18,40
2004-12-11,2,15,24,28,30,37
2004-12-15,3,13,29,33,43,44
2004-12-18,11,12,25,30,37,42
2004-12-22,11,20,25,37,42,45
2004-12-25,18,20,28,39,40,41
2004-12-29,11,16,18,20,42,45
2005-01-01,21,25,34,37,44,45
2005-01-05,1,7,21,23,40,41
2005-01-08,15,16,18,20,35,36
2005-01-12,7,22,27,34,35,42
2005-01-15,2,25,28,31,38,44
2005-01-19,4,14,25,30,39,43
2005-01-22,3,4,11,14,30,32
2005-01-26,2,8,17,26,35,40
2005-01-29,13,24,27,33,35,42
2005-02-02,5,11,15,16,20,32
2005-02-05,6,14,16,26,36,40
2005-02-09,11,18,24,25,29,40
2005-02-12,3,23,28,33,35,40
2005-02-16,7,14,21,27,33,43
2005-02-19,6,13,26,39,41,42
2005-02-23,14,17,21,25,36,38
2005-02-26,4,15,17,27,35,37
2005-03-02,4,16,29,32,33,38
2005-03-05,1,8,23,24,26,45
2005-03-09,5,10,12,25,30,35
2005-03-12,7,10,29,33,35,43
2005-03-16,3,16,18,30,36,43
2005-03-19,5,10,32,38,40,43
2005-03-23,8,10,13,14,15,36
2005-03-26,7,17,26,39,41,42
2005-03-30,1,13,15,26,30,38
2005-04-02,8,18,21,24,39,40
2005-04-06,3,5,12,20,34,45
2005-04-09,15,22,25,30,37,38
2005-04-13,6,14,15,16,26,41
2005-04-16,17,18,19,26,34,38
2005-04-20,1,4,9,10,17,41
2005-04-23,5,21,23,31,34,43
2005-04-27,2,6,8,29,33,44
2005-04-30,8,16,18,19,24,44
2005-05-04,1,4,7,11,17,20
2005-05-07,8,9,12,30,37,39
2005-05-11,7,9,10,33,38,40
2005-05-14,3,13,14,28,34,40
2005-05-18,3,11,19,20,21,36
2005-05-21,5,13,20,30,42,44
2005-05-25,4,11,23,31,32,36
2005-05-28,5,10,16,18,29,36
2005-06-01,1,4,25,31,34,42
2005-06-04,7,12,14,15,27,32
2005-06-08,1,8,23,24,35,44
2005-06-11,4,10,13,14,23,24
2005-06-15,2,3,12,13,16,31
2005-06-18,7,8,12,21,37,45
2005-06-22,14,16,25,31,36,38
2005-06-25,2,3,13,33,35,43
2005-06-29,9,10,13,20,31,33
2005-07-02,10,11,19,27,43,44
2005-07-06,4,10,13,15,19,41
2005-07-09,3,8,13,24,27,35
2005-07-13,7,10,12,24,25,27
2005-07-16,8,16,18,25,30,44
2005-07-20,4,14,24,30,41,43
2005-07-23,2,6,8,32,35,43
2005-07-27,5,23,24,27,30,43
2005-07-30,4,11,22,26,29,33
2005-08-03,2,3,4,15,19,42
2005-08-06,2,14,22,32,33,43
2005-08-10,2,5,9,20,24,33
2005-08-13,2,4,23,26,30,32
2005-08-17,5,18,19,30,31,42
2005-08-20,1,6,17,32,33,34
2005-08-24,6,13,25,27,37,39
2005-08-27,1,3,12,18,21,24
2005-08-31,2,12,18,22,43,45
2005-09-03,3,7,11,17,26,27
2005-09-07,10,19,32,43,44,45
2005-09-10,12,13,19,41,42,45
2005-09-14,3,12,21,27,29,43
2005-09-17,6,8,15,24,31,34
2005-09-21,3,5,22,26,31,35
2005-09-24,6,7,34,37,38,43
2005-09-28,2,3,4,18,35,41
2005-10-01,4,7,11,18,27,31
2005-10-05,4,13,18,22,27,42
2005-10-08,2,15,16,24,28,30
2005-10-12,10,14,18,22,27,45
2005-10-15,14,17,25,29,32,38
2005-10-19,4,15,17,26,35,45
2005-10-22,4,16,18,22,23,35
2005-10-26,10,22,27,40,41,43
2005-10-29,10,12,24,40,43,44
2005-11-02,3,16,19,20,41,44
2005-11-05,2,6,24,28,42,44
2005-11-09,3,5,10,15,27,43
2005-11-12,15,21,22,25,32,42
2005-11-16,11,19,22,25,35,42
2005-11-19,3,20,23,28,31,45
2005-11-23,5,6,22,26,28,31
2005-11-26,7,29,32,39,40,41
2005-11-30,4,14,15,19,29,34
2005-12-03,3,6,9,13,41,42
2005-12-07,2,17,24,36,41,42
2005-12-10,3,10,11,21,28,32
2005-12-14,6,20,22,30,32,40
2005-12-17,7,13,25,31,40,45
2005-12-21,18,20,35,36,37,44
2005-12-24,29,33,39,40,41,45
2005-12-28,6,25,26,27,34,35
2005-12-31,2,4,8,10,30,39
2006-01-04,9,20,22,27,33,45
2006-01-07,7,16,32,34,35,41
2006-01-11,5,6,18,21,29,34
2006-01-14,2,5,10,20,39,42
2006-01-18,2,20,23,32,34,38
2006-01-21,7,8,9,23,39,43
2006-01-25,5,25,34,39,41,44
2006-01-28,9,18,22,28,35,44
2006-02-01,1,11,12,25,27,44
2006-02-04,7,13,25,32,36,45
2006-02-08,2,5,17,23,24,25
2006-02-11,11,14,21,34,35,43
2006-02-15,16,20,23,30,33,45
2006-02-18,15,21,22,30,37,41
2006-02-22,2,21,27,33,37,43
2006-02-25,15,25,30,31,33,40
2006-03-01,2,3,5,26,40,41
2006-03-04,4,5,6,10,29,38
2006-03-08,4,8,9,10,23,32
2006-03-11,11,19,20,21,23,30
2006-03-15,8,10,23,28,29,43
2006-03-18,4,15,23,34,43,44
2006-03-22,8,9,13,17,35,41
2006-03-25,15,32,33,35,38,39
2006-03-29,10,13,15,17,22,37
2006-04-01,1,8,18,26,27,42
2006-04-05,4,6,23,32,34,42
2006-04-08,5,12,25,33,42,43
2006-04-12,9,29,30,37,38,39
2006-04-15,2,7,10,21,38,45
2006-04-19,10,12,18,20,22,35
2006-04-22,2,13,15,19,22,45
2006-04-26,2,13,14,30,39,42
2006-04-29,2,10,17,31,38,44
2006-05-03,30,37,38,42,43,45
2006-05-06,2,20,22,23,25,33
2006-05-10,9,12,20,30,34,35
2006-05-13,5,18,25,30,38,44
2006-05-17,5,12,17,27,36,40
2006-05-20,14,19,20,24,28,39
2006-05-24,4,25,30,31,33,37
2006-05-27,3,30,37,38,39,43
2006-05-31,16,19,21,30,35,43
2006-06-03,4,10,18,26,33,40
2006-06-07,2,10,21,23,33,39
2006-06-10,14,29,31,33,44,45
2006-06-14,3,17,21,23,25,29
2006-06-17,8,12,19,26,30,31
2006-06-21,4,15,21,24,29,42
2006-06-24,2,3,13,16,34,43
2006-06-28,4,5,31,33,36,37
2006-07-01,1,8,19,24,29,39
2006-07-05,3,4,14,16,27,32
2006-07-08,15,17,20,22,25,36
2006-07-12,11,12,19,24,33,38
2006-07-15,15,16,22,31,40,42
2006-07-19,2,4,13,15,23,26
2006-07-22,4,9,25,36,37,43
2006-07-26,5,6,10,20,27,43
2006-07-29,4,5,16,23,24,45
2006-08-02,1,7,12,17,18,41
2006-08-05,12,20,24,31,33,39
2006-08-09,2,11,21,23,28,42
2006-08-12,6,19,20,24,25,43
2006-08-16,24,27,28,32,41,43
2006-08-19,14,15,18,19,28,43
2006-08-23,1,8,17,30,31,32
2006-08-26,8,14,22,32,34,45
2006-08-30,7,11,14,16,17,21
2006-09-02,12,15,21,27,40,42
2006-09-06,19,37,38,40,41,43
2006-09-09,8,11,19,22,30,33
2006-09-13,8,17,32,39,41,45
2006-09-16,6,9,11,15,23,45
2006-09-20,10,24,29,30,37,39
2006-09-23,9,14,20,25,27,33
2006-09-27,6,11,12,27,33,38
2006-09-30,2,7,28,38,44,45
2006-10-04,11,12,13,15,17,18
2006-10-07,2,11,16,28,36,39
2006-10-11,3,12,16,30,39,40
2006-10-14,17,20,24,26,33,41
2006-10-18,17,27,28,32,33,37
2006-10-21,1,13,15,20,22,40
2006-10-25,2,9,25,31,35,44
2006-10-28,6,14,18,20,35,37
2006-11-01,11,26,35,40,43,45
2006-11-04,4,9,14,21,32,35
2006-11-08,7,8,27,31,36,39
2006-11-11,2,7,10,23,25,42
2006-11-15,2,8,27,28,33,39
2006-11-18,14,16,18,22,24,39
2006-11-22,2,16,20,25,29,41
2006-11-25,1,22,27,29,38,39
2006-11-29,7,23,28,38,43,45
2006-12-02,5,8,23,27,40,43
2006-12-06,5,9,11,17,26,27
2006-12-09,2,8,15,22,29,42
2006-12-13,7,10,14,23,35,40
2006-12-16,3,6,10,11,18,44
2006-12-20,24,29,31,39,41,43
2006-12-23,2,7,15,22,24,28
2006-12-27,6,17,29,38,41,42
2006-12-30,3,6,16,34,43,44
2007-01-03,4,5,15,16,32,40
2007-01-06,1,20,24,28,30,43
2007-01-10,1,7,18,30,32,34
2007-01-13,2,5,11,12,17,42
2007-01-17,19,28,30,33,34,36
2007-01-20,1,2,12,15,19,21
2007-01-24,9,21,24,30,35,36
2007-01-27,14,18,22,27,40,43
2007-01-31,4,8,11,24,38,45
2007-02-03,4,23,24,33,41,45
2007-02-07,14,20,29,32,39,41
2007-02-10,5,7,8,12,22,45
2007-02-14,3,11,13,25,27,36
2007-02-17,4,5,24,29,30,31
2007-02-21,2,11,24,26,30,32
2007-02-24,15,19,21,33,40,44
2007-02-28,9,22,25,31,39,42
2007-03-03,2,3,4,9,15,30
2007-03-07,3,4,9,18,20,32
2007-03-10,4,8,10,25,30,35
2007-03-14,4,6,18,23,25,37
2007-03-17,7,13,15,16,23,31
2007-03-21,11,17,20,22,39,45
2007-03-24,4,5,13,16,18,20
2007-03-28,1,2,25,27,43,45
2007-03-31,6,9,11,14,32,36
2007-04-04,4,6,17,18,22,38
2007-04-07,7,12,14,29,42,44
2007-04-11,3,9,14,16,19,20
2007-04-14,2,5,13,14,20,21
2007-04-18,18,21,26,28,32,39
2007-04-21,2,13,21,23,28,38
2007-04-25,1,6,20,34,36,43
2007-04-28,2,3,5,9,26,29
2007-05-02,1,3,4,7,30,43
2007-05-05,10,12,14,27,32,35
2007-05-09,5,23,25,31,33,41
2007-05-12,7,10,11,23,24,37
2007-05-16,2,4,10,26,34,41
2007-05-19,3,7,11,23,36,38
2007-05-23,24,32,34,40,42,45
2007-05-26,3,7,17,19,33,41
2007-05-30,9,21,22,32,33,35
2007-06-02,2,9,20,23,28,35
2007-06-06,10,11,18,31,43,45
2007-06-09,3,6,15,17,34,36
2007-06-13,17,20,23,26,32,42
2007-06-16,5,7,16,23,32,34
2007-06-20,5,11,14,21,39,42
2007-06-23,3,9,18,26,33,44
2007-06-27,7,9,11,25,26,29
2007-06-30,1,5,11,18,24,35
2007-07-04,6,21,25,26,31,39
2007-07-07,1,11,23,29,32,33
2007-07-11,2,3,13,21,33,38
2007-07-14,1,2,13,20,26,27
2007-07-18,18,23,26,34,40,43
2007-07-21,9,11,28,29,30,34
2007-07-25,7,9,23,36,39,40
2007-07-28,8,26,29,38,39,45
2007-08-01,15,19,24,28,30,42
2007-08-04,3,5,12,19,31,34
2007-08-08,1,5,7,25,29,45
2007-08-11,9,20,21,25,33,38
2007-08-15,3,5,6,8,13,26
2007-08-18,2,9,10,15,19,28
2007-08-22,4,9,23,26,28,41
2007-08-25,3,14,16,34,36,45
2007-08-29,2,4,11,13,16,41
2007-09-01,6,8,16,21,22,26
2007-09-05,4,14,27,30,32,34
2007-09-08,1,20,26,32,40,44
2007-09-12,8,16,29,30,35,41
2007-09-15,16,20,24,25,39,44
2007-09-19,1,14,26,29,39,41
2007-09-22,3,5,16,33,35,44
2007-09-26,8,24,25,34,36,37
2007-09-29,1,4,26,37,42,45
2007-10-03,3,10,16,28,30,39
2007-10-06,2,11,27,32,37,41
2007-10-10,15,21,23,28,36,43
2007-10-13,14,17,20,21,32,43
2007-10-17,2,5,17,37,40,43
2007-10-20,9,15,17,29,30,35
2007-10-24,2,8,19,23,24,29
2007-10-27,3,4,8,29,38,43
2007-10-31,7,9,16,17,26,44
2007-11-03,6,17,28,36,38,45
2007-11-07,4,6,10,21,34,39
2007-11-10,1,6,9,20,23,26
2007-11-14,1,2,9,14,16,43
2007-11-17,1,2,29,30,40,44
2007-11-21,13,14,18,25,41,43
2007-11-24,17,18,20,35,36,43
2007-11-28,10,13,16,24,40,41
2007-12-01,8,13,17,25,29,39
2007-12-05,8,25,28,31,42,44
2007-12-08,4,11,30,33,35,36
2007-12-12,2,8,35,36,37,39
2007-12-15,4,8,18,19,20,26
2007-12-19,2,13,16,21,29,43
2007-12-22,6,13,21,28,38,41
2007-12-26,2,12,28,29,39,43
2007-12-29,7,9,23,40,42,44
2008-01-02,3,10,12,14,21,37
2008-01-05,7,27,29,30,33,38
2008-01-09,5,15,27,32,33,34
2008-01-12,2,8,13,24,29,30
2008-01-16,2,3,8,34,35,44
2008-01-19,5,7,14,31,35,45
2008-01-23,7,27,28,30,39,40
2008-01-26,4,12,22,26,42,44
2008-01-30,1,4,18,27,35,37
2008-02-02,9,11,16,17,24,37
2008-02-06,1,14,15,24,30,35
2008-02-09,5,10,15,29,36,45
2008-02-13,5,10,22,26,42,45
2008-02-16,5,29,31,32,35,39
2008-02-20,3,15,27,36,39,42
2008-02-23,2,14,19,20,21,27
2008-02-27,5,24,28,36,40,44
2008-03-01,20,22,24,26,30,43
2008-03-05,2,16,26,27,39,44
2008-03-08,13,15,21,23,37,44
2008-03-12,2,10,12,14,15,38
2008-03-15,3,9,14,20,21,23
2008-03-19,7,19,21,24,27,36
2008-03-22,31,34,35,36,41,44
2008-03-26,1,6,14,16,18,41
2008-03-29,2,16,21,29,36,42
2008-04-02,3,23,30,33,41,43
2008-04-05,6,8,15,18,22,40
2008-04-09,8,9,27,29,30,42
2008-04-12,1,10,18,21,22,31
2008-04-16,6,7,13,24,33,40
2008-04-19,2,5,6,9,21,22
2008-04-23,4,9,10,23,37,38
2008-04-26,3,30,36,38,39,44
2008-04-30,6,8,12,22,28,41
2008-05-03,1,6,14,17,19,22
2008-05-07,1,11,24,35,43,44
2008-05-10,3,4,8,12,31,42
2008-05-14,7,8,15,19,22,36
2008-05-17,10,16,21,24,26,45
2008-05-21,12,22,24,33,37,40
2008-05-24,8,10,11,23,29,42
2008-05-28,11,12,18,22,32,37
2008-05-31,2,3,19,26,36,37
2008-06-04,2,13,14,31,36,41
2008-06-07,8,10,18,29,31,39
2008-06-11,2,14,24,34,35,45
2008-06-14,1,2,5,22,31,43
2008-06-18,2,6,23,25,39,45
2008-06-21,2,5,10,28,39,44
2008-06-25,4,23,24,30,32,37
2008-06-28,3,17,32,34,35,44
2008-07-02,7,10,12,15,16,22
2008-07-05,3,14,26,33,39,42
2008-07-09,4,7,13,15,44,45
2008-07-12,2,5,9,11,21,37
2008-07-16,2,3,13,21,29,41
2008-07-19,6,8,20,26,38,41
2008-07-23,10,19,20,21,22,32
2008-07-26,9,24,26,32,39,45
2008-07-30,3,15,27,36,38,43
2008-08-02,2,4,5,11,33,38
2008-08-06,15,20,21,23,35,38
2008-08-09,12,28,29,31,42,44
2008-08-13,8,15,22,28,32,39
2008-08-16,18,27,31,34,37,43
2008-08-20,13,17,32,35,42,43
2008-08-23,4,13,24,26,28,33
2008-08-27,2,12,14,18,23,42
2008-08-30,1,23,35,36,40,45
2008-09-03,7,8,13,16,21,34
2008-09-06,1,8,13,33,36,44
2008-09-10,11,20,31,34,39,42
2008-09-13,17,21,26,27,40,45
2008-09-17,23,26,30,31,37,38
2008-09-20,15,28,30,37,38,40
2008-09-24,5,6,18,21,23,26
2008-09-27,3,5,13,29,30,35
2008-10-01,2,3,13,32,38,40
2008-10-04,7,15,16,18,25,45
2008-10-08,3,8,25,35,36,39
2008-10-11,1,4,7,19,29,36
2008-10-15,6,17,26,35,43,45
2008-10-18,3,5,21,24,36,45
2008-10-22,2,5,19,21,37,40
2008-10-25,1,4,15,27,35,36
2008-10-29,6,10,21,25,30,45
2008-11-01,1,2,3,4,28,45
2008-11-05,7,10,14,23,27,41
2008-11-08,1,17,29,40,42,45
2008-11-12,6,10,16,30,34,40
2008-11-15,5,23,27,37,43,44
2008-11-19,4,16,37,38,40,45
2008-11-22,3,7,9,11,14,43
2008-11-26,1,4,9,14,29,35
2008-11-29,10,19,28,32,38,45
2008-12-03,14,21,26,30,32,39
2008-12-06,5,20,26,28,30,41
2008-12-10,1,2,8,9,12,19
2008-12-13,13,17,22,38,41,45
2008-12-17,16,32,33,36,40,41
2008-12-20,3,15,35,36,39,44
2008-12-24,5,16,23,25,31,43
2008-12-27,7,16,19,22,29,40
2008-12-31,10,14,15,30,35,37
2009-01-03,3,6,10,19,20,34
2009-01-07,2,3,5,18,26,45
2009-01-10,2,8,19,22,24,29
2009-01-14,4,7,14,19,28,39
2009-01-17,11,15,16,19,27,45
2009-01-21,7,23,24,31,41,42
2009-01-24,4,6,12,14,19,33
2009-01-28,3,7,22,26,29,42
2009-01-31,4,20,22,24,32,44
2009-02-04,3,24,27,34,43,45
2009-02-07,11,14,15,17,22,45
2009-02-11,4,8,21,23,29,31
2009-02-14,10,19,30,33,35,43
2009-02-18,1,5,7,14,27,32
2009-02-21,1,4,7,31,40,44
2009-02-25,2,15,21,23,38,40
2009-02-28,3,11,17,22,25,30
2009-03-04,6,13,29,33,42,43
2009-03-07,9,11,12,15,38,41
2009-03-11,3,4,11,22,36,41
2009-03-14,2,4,12,18,27,41
2009-03-18,1,14,28,35,38,45
2009-03-21,2,9,19,21,28,33
2009-03-25,15,19,21,24,27,33
2009-03-28,11,21,28,29,43,44
2009-04-01,2,13,16,23,29,44
2009-04-04,1,6,8,21,31,37
2009-04-08,12,17,25,26,35,42
2009-04-11,3,4,7,24,42,44
2009-04-15,6,12,14,29,40,41
2009-04-18,6,9,10,29,37,41
2009-04-22,8,16,17,28,33,35
2009-04-25,7,11,17,21,29,42
2009-04-29,1,9,20,26,35,36
2009-05-02,11,12,25,26,29,37
2009-05-06,2,5,10,18,31,38
2009-05-09,6,9,27,31,36,43
2009-05-13,13,16,19,40,41,43
2009-05-16,8,12,20,22,27,28
2009-05-20,9,15,20,29,37,42
2009-05-23,4,5,6,16,24,35
2009-05-27,9,17,21,28,34,44
2009-05-30,6,8,14,18,38,40
2009-06-03,6,13,26,27,28,33
2009-06-06,9,21,33,36,38,45
2009-06-10,1,14,16,23,27,44
2009-06-13,16,26,27,38,41,45
2009-06-17,2,20,24,27,38,40
2009-06-20,11,14,24,31,35,39
2009-06-24,9,19,28,30,33,35
2009-06-27,19,22,24,34,44,45
2009-07-01,1,6,15,22,27,33
2009-07-04,12,17,19,29,39,40
2009-07-08,2,6,7,16,20,31
2009-07-11,1,4,5,12,13,39
2009-07-15,1,3,24,26,39,42
2009-07-18,9,13,16,28,31,36
2009-07-22,9,10,26,27,28,43
2009-07-25,6,8,20,31,32,37
2009-07-29,2,4,33,36,41,45
2009-08-01,3,20,30,35,38,41
2009-08-05,4,9,10,34,42,43
2009-08-08,5,11,17,21,39,44
2009-08-12,4,6,9,21,29,44
2009-08-15,3,4,5,18,25,44
2009-08-19,3,9,12,36,38,44
2009-08-22,2,10,13,17,32,38
2009-08-26,8,16,27,28,33,35
2009-08-29,13,27,31,32,42,43
2009-09-02,1,10,16,18,25,45
2009-09-05,1,9,12,13,22,33
2009-09-09,7,14,15,17,32,40
2009-09-12,15,22,23,25,27,45
2009-09-16,4,8,14,18,28,41
2009-09-19,5,19,22,26,32,36
2009-09-23,2,12,16,18,30,34
2009-09-26,13,16,22,24,37,40
2009-09-30,2,6,7,11,23,24
2009-10-03,13,14,17,20,40,42
2009-10-07,6,12,29,30,36,40
2009-10-10,2,15,16,20,23,43
2009-10-14,9,11,19,20,30,42
2009-10-17,15,18,22,30,40,44
2009-10-21,5,7,11,20,35,40
2009-10-24,6,10,12,22,30,41
2009-10-28,5,21,23,29,36,44
2009-10-31,2,25,28,30,42,44
2009-11-04,23,25,27,29,30,38
2009-11-07,5,11,25,29,30,37
2009-11-11,5,6,8,24,30,34
2009-11-14,1,2,33,40,43,44
2009-11-18,9,12,27,35,40,43
2009-11-21,8,10,24,31,36,39
2009-11-25,5,11,17,24,32,45
2009-11-28,18,23,33,34,43,44
2009-12-02,2,9,15,22,39,40
2009-12-05,5,7,10,19,26,40
2009-12-09,6,18,23,28,29,36
2009-12-12,2,20,26,32,39,45
2009-12-16,4,10,17,36,42,43
2009-12-19,7,9,12,14,33,40
2009-12-23,8,13,16,28,30,37
2009-12-26,22,26,30,33,39,40
2009-12-30,3,6,7,38,42,45
2010-01-02,6,8,16,22,23,28
2010-01-06,26,33,35,36,40,42
2010-01-09,9,21,25,26,38,41
2010-01-13,13,19,24,39,41,42
2010-01-16,6,14,17,30,35,38
2010-01-20,3,9,15,29,34,37
2010-01-23,2,4,30,34,35,36
2010-01-27,1,11,15,20,30,40
2010-01-30,8,9,16,18,29,43
2010-02-03,2,4,7,10,17,23
2010-02-06,2,4,17,34,40,44
2010-02-10,1,7,22,39,41,44
2010-02-13,4,14,17,29,31,37
2010-02-17,2,3,17,22,23,27
2010-02-20,4,10,12,23,30,36
2010-02-24,2,3,22,24,35,39
2010-02-27,11,15,22,24,25,29
2010-03-03,3,16,19,33,35,44
2010-03-06,10,16,23,26,27,39
2010-03-10,1,12,19,21,24,39
2010-03-13,4,12,18,28,33,40
2010-03-17,8,9,26,27,35,42
2010-03-20,3,8,18,33,34,45
2010-03-24,5,11,14,20,22,43
2010-03-27,3,5,34,36,40,43
2010-03-31,1,9,10,14,15,18
2010-04-03,6,10,21,28,43,44
2010-04-07,8,23,26,27,31,43
2010-04-10,3,4,8,18,26,42
2010-04-14,5,12,18,19,20,45
2010-04-17,11,14,18,21,27,45
2010-04-21,11,28,30,36,40,41
2010-04-24,3,10,11,15,17,24
2010-04-28,8,11,17,22,28,45
2010-05-01,2,18,22,24,37,39
2010-05-05,3,4,12,24,40,45
2010-05-08,7,11,12,23,26,31
2010-05-12,2,24,25,32,34,42
2010-05-15,4,6,8,23,32,40
2010-05-19,5,7,14,27,31,39
2010-05-22,4,5,6,8,11,24
2010-05-26,1,12,13,17,28,36
2010-05-29,9,10,14,27,28,36
2010-06-02,8,12,24,36,42,45
2010-06-05,16,25,29,35,37,45
2010-06-09,4,15,26,28,36,37
2010-06-12,2,8,10,15,20,40
2010-06-16,8,12,19,29,42,45
2010-06-19,2,8,10,11,13,44
2010-06-23,27,30,36,38,39,45
2010-06-26,4,6,18,21,27,33
2010-06-30,3,10,17,19,25,44
2010-07-03,1,10,22,27,29,34
2010-07-07,6,14,20,24,37,38
2010-07-10,3,7,11,14,17,23
2010-07-14,9,18,19,21,29,35
2010-07-17,8,9,13,14,19,39
2010-07-21,17,18,22,23,28,45
2010-07-24,1,6,8,18,24,34
2010-07-28,28,29,37,38,39,42
2010-07-31,15,16,19,32,34,42
2010-08-04,3,6,11,15,22,26
2010-08-07,4,5,17,30,40,41
2010-08-11,1,2,19,32,37,39
2010-08-14,7,17,21,23,25,29
2010-08-18,11,15,22,28,30,35
2010-08-21,10,22,32,38,43,45
2010-08-25,1,6,8,18,22,40
2010-08-28,2,7,23,29,36,40
2010-09-01,5,11,16,18,20,39
2010-09-04,3,15,22,26,30,35
2010-09-08,5,14,15,37,39,40
2010-09-11,2,15,17,18,29,38
2010-09-15,9,16,19,23,27,31
2010-09-18,9,14,20,23,38,45
2010-09-22,15,17,20,22,28,33
2010-09-25,13,18,23,25,27,44
2010-09-29,4,10,15,28,34,39
2010-10-02,12,21,22,26,33,44
2010-10-06,9,18,25,31,35,45
2010-10-09,14,15,22,30,37,45
2010-10-13,8,9,16,22,29,44
2010-10-16,5,19,21,26,36,39
2010-10-20,6,14,16,17,30,32
2010-10-23,7,12,21,25,35,39
2010-10-27,1,2,4,10,25,40
2010-10-30,1,7,15,19,35,42
2010-11-03,7,15,17,19,29,38
2010-11-06,15,19,22,31,33,42
2010-11-10,2,11,18,24,27,36
2010-11-13,8,16,20,29,32,42
2010-11-17,10,17,35,36,38,41
2010-11-20,14,19,21,22,32,36
2010-11-24,8,20,25,31,32,37
2010-11-27,3,10,22,24,40,45
2010-12-01,3,19,20,25,30,33
2010-12-04,1,4,6,11,32,41
2010-12-08,9,12,20,24,27,28
2010-12-11,6,10,20,26,28,36
2010-12-15,26,28,30,32,33,39
2010-12-18,2,6,15,19,27,44
2010-12-22,15,17,18,21,25,40
2010-12-25,1,3,8,12,43,45
2010-12-29,5,13,17,31,41,42
2011-01-01,7,13,19,27,34,43
2011-01-05,4,8,11,15,16,38
2011-01-08,7,9,10,32,37,41
2011-01-12,13,15,17,27,44,45
2011-01-15,3,21,30,33,38,42
2011-01-19,8,17,34,35,36,40
2011-01-22,1,4,12,13,14,31
2011-01-26,15,17,37,40,41,44
2011-01-29,4,6,31,35,38,44
2011-02-02,16,19,22,26,35,41
2011-02-05,4,6,28,31,33,44
2011-02-09,23,24,29,34,39,45
2011-02-12,14,15,27,30,32,39
2011-02-16,15,16,22,24,25,40
2011-02-19,3,5,12,21,37,45
2011-02-23,3,16,26,35,37,40
2011-02-26,5,10,11,24,28,35
2011-03-02,11,14,16,19,32,43
2011-03-05,13,14,19,24,25,29
2011-03-09,2,3,11,14,24,35
2011-03-12,9,23,31,34,42,44
2011-03-16,7,13,14,18,36,45
2011-03-19,4,9,18,33,43,44
2011-03-23,1,16,25,29,35,44
2011-03-26,2,29,33,35,40,42
2011-03-30,3,15,22,23,24,34
2011-04-02,17,22,33,36,37,38
2011-04-06,7,16,20,31,35,41
2011-04-09,5,11,28,34,39,43
2011-04-13,8,9,20,34,37,38
2011-04-16,6,9,33,38,40,45
2011-04-20,5,13,14,27,37,42
2011-04-23,13,16,17,26,35,44
2011-04-27,18,20,27,34,36,41
2011-04-30,3,4,6,13,42,43
2011-05-04,1,9,14,16,20,31
2011-05-07,6,16,20,21,27,44
2011-05-11,5,12,28,34,35,42
2011-05-14,1,8,9,27,35,41
2011-05-18,14,15,24,33,40,45
2011-05-21,11,17,24,39,41,43
2011-05-25,3,8,11,13,22,37
2011-05-28,20,31,32,38,42,44
2011-06-01,2,13,18,28,30,33
2011-06-04,6,24,25,35,36,43
2011-06-08,10,17,24,25,27,29
2011-06-11,1,8,9,16,24,39
2011-06-15,12,15,28,30,39,40
2011-06-18,3,4,7,9,27,36
2011-06-22,2,17,19,26,32,45
2011-06-25,10,12,21,24,36,39
2011-06-29,15,21,26,29,35,37
2011-07-02,10,17,20,31,39,41
2011-07-06,9,11,21,25,29,40
2011-07-09,6,7,24,30,36,39
2011-07-13,10,22,33,39,43,45
2011-07-16,13,20,26,27,28,43
2011-07-20,2,6,12,16,20,34
2011-07-23,6,10,19,20,28,37
2011-07-27,3,7,24,28,29,35
2011-07-30,1,3,5,8,13,36
2011-08-03,2,9,18,31,36,37
2011-08-06,3,5,23,25,33,43
2011-08-10,1,2,9,11,12,15
2011-08-13,2,11,12,17,24,36
2011-08-17,1,13,18,39,43,44
2011-08-20,9,15,19,28,31,32
2011-08-24,2,8,10,17,27,37
2011-08-27,3,7,17,18,28,29
2011-08-31,11,12,16,20,37,45
2011-09-03,1,5,9,13,27,43
2011-09-07,6,22,29,38,39,43
2011-09-10,11,17,19,30,34,37
2011-09-14,2,12,15,31,32,37
2011-09-17,3,11,16,22,28,35
2011-09-21,9,16,21,22,33,40
2011-09-24,1,3,12,17,24,45
2011-09-28,8,10,11,30,32,35
2011-10-01,3,8,25,29,39,40
2011-10-05,15,18,25,27,28,39
2011-10-08,7,10,15,18,19,42
2011-10-12,18,19,30,39,42,43
2011-10-15,1,15,20,25,26,32
2011-10-19,7,12,13,20,22,40
2011-10-22,15,19,21,23,25,31
2011-10-26,5,16,25,33,35,40
2011-10-29,9,14,19,25,32,45
2011-11-02,3,7,14,17,25,39
2011-11-05,10,15,16,19,21,45
2011-11-09,2,8,15,16,30,45
2011-11-12,10,18,21,32,36,44
2011-11-16,7,23,26,28,39,45
2011-11-19,2,15,17,20,30,40
2011-11-23,4,8,16,18,31,41
2011-11-26,1,3,8,10,36,42
2011-11-30,1,6,7,20,33,37
2011-12-03,7,22,24,34,35,39
2011-12-07,1,6,16,23,38,44
2011-12-10,13,21,25,26,39,44
2011-12-14,3,4,9,13,30,33
2011-12-17,22,26,30,35,38,42
2011-12-21,7,21,22,31,43,45
2011-12-24,4,8,20,21,28,36
2011-12-28,3,8,12,14,24,42
2011-12-31,10,11,15,24,40,44
2012-01-04,10,29,31,36,38,39
2012-01-07,6,9,20,22,23,26
2012-01-11,7,15,19,34,36,44
2012-01-14,1,8,15,22,25,39
2012-01-18,14,20,24,32,36,43
2012-01-21,14,17,27,37,42,43
2012-01-25,7,16,29,33,37,45
2012-01-28,13,22,34,38,40,41
2012-02-01,6,15,21,35,43,45
2012-02-04,1,4,19,22,34,37
2012-02-08,2,15,33,34,40,42
2012-02-11,1,3,7,8,9,38
2012-02-15,7,8,10,20,21,31
2012-02-18,11,12,16,20,41,42
2012-02-22,12,19,23,24,31,40
2012-02-25,3,18,26,27,35,44
2012-02-29,9,10,20,25,28,35
2012-03-03,6,18,19,23,25,26
2012-03-07,2,13,16,30,35,45
2012-03-10,8,22,37,41,42,43
2012-03-14,2,6,11,20,26,42
2012-03-17,9,15,18,19,22,34
2012-03-21,6,9,12,19,40,42
2012-03-24,2,6,7,35,42,45
2012-03-28,1,2,8,9,17,35
2012-03-31,4,11,24,26,32,41
2012-04-04,19,20,25,26,31,32
2012-04-07,10,19,26,34,36,37
2012-04-11,5,15,20,21,40,45
2012-04-14,1,6,13,15,22,44
2012-04-18,2,26,29,40,43,45
2012-04-21,1,3,22,27,39,42
2012-04-25,2,11,14,26,29,42
2012-04-28,2,4,11,13,26,32
2012-05-02,12,19,26,29,34,36
2012-05-05,13,16,24,26,35,36
2012-05-09,11,15,20,22,28,43
2012-05-12,25,30,33,35,40,41
2012-05-16,3,6,30,36,37,45
2012-05-19,15,27,30,34,39,42
2012-05-23,10,21,23,28,29,32
2012-05-26,6,11,12,21,34,44
2012-05-30,6,7,17,22,35,39
2012-06-02,17,19,23,28,39,43
2012-06-06,1,3,5,18,24,28
2012-06-09,12,23,24,25,27,42
2012-06-13,25,33,37,42,44,45
2012-06-16,7,8,24,26,28,37
2012-06-20,4,5,20,28,31,41
2012-06-23,5,12,16,22,28,30
2012-06-27,17,19,28,35,38,42
2012-06-30,8,10,15,21,42,44
2012-07-04,5,6,17,27,32,44
2012-07-07,3,4,14,24,25,30
2012-07-11,2,12,21,33,34,42
2012-07-14,3,13,19,26,29,42
2012-07-18,1,6,25,28,30,45
2012-07-21,1,9,16,18,29,37
2012-07-25,16,23,29,33,35,43
2012-07-28,15,17,29,30,41,45
2012-08-01,1,7,9,13,14,36
2012-08-04,5,13,17,20,36,41
2012-08-08,10,20,24,30,35,43
2012-08-11,5,16,21,29,31,39
2012-08-15,7,15,21,31,38,39
2012-08-18,17,19,22,36,43,44
2012-08-22,1,16,24,35,43,44
2012-08-25,9,10,13,14,19,45
2012-08-29,9,10,16,26,32,42
2012-09-01,2,15,17,19,31,43
2012-09-05,7,16,21,32,38,41
2012-09-08,9,10,15,19,25,40
2012-09-12,4,7,8,13,27,36
2012-09-15,9,10,18,21,31,38
2012-09-19,5,22,30,39,40,41
2012-09-22,16,27,29,35,36,40
2012-09-26,2,11,17,29,40,44
2012-09-29,2,20,22,26,27,32
2012-10-03,12,19,24,32,44,45
2012-10-06,6,16,22,27,29,31
2012-10-10,2,4,10,17,20,21
2012-10-13,3,9,16,29,34,39
2012-10-17,10,11,15,27,40,42
2012-10-20,7,10,16,18,23,30
2012-10-24,5,7,18,19,20,21
2012-10-27,3,4,6,7,23,33
2012-10-31,9,10,21,22,24,28
2012-11-03,8,21,27,29,32,38
2012-11-07,11,18,28,36,43,44
2012-11-10,14,17,22,23,30,31
2012-11-14,9,18,24,28,39,41
2012-11-17,10,20,23,25,41,44
2012-11-21,20,26,27,33,36,41
2012-11-24,3,15,16,21,27,33
2012-11-28,2,5,6,13,42,44
2012-12-01,1,12,14,22,24,36
2012-12-05,16,19,24,36,37,40
2012-12-08,2,5,7,12,21,25
2012-12-12,2,13,17,19,44,45
2012-12-15,3,23,28,33,38,43
2012-12-19,9,10,20,21,30,44
2012-12-22,8,10,12,18,26,45
2012-12-26,2,11,24,27,30,44
2012-12-29,6,12,15,23,25,45
2013-01-02,9,10,11,21,27,42
2013-01-05,9,11,17,20,33,42
2013-01-09,5,9,12,13,22,26
2013-01-12,1,12,16,28,30,34
2013-01-16,13,21,22,30,31,36
2013-01-19,1,6,17,18,34,37
2013-01-23,3,8,16,18,31,44
2013-01-26,7,9,11,12,15,35
2013-01-30,18,20,31,40,41,45
2013-02-02,4,7,16,22,30,33
2013-02-06,8,16,24,30,34,43
2013-02-09,21,28,31,39,41,45
2013-02-13,4,5,8,19,24,41
2013-02-16,1,9,10,20,26,43
2013-02-20,2,6,10,13,30,39
2013-02-23,5,6,9,11,16,43
2013-02-27,1,16,24,34,39,40
2013-03-02,1,2,5,13,34,36
2013-03-06,8,11,15,34,43,44
2013-03-09,10,16,18,24,32,44
2013-03-13,5,11,16,18,35,39
2013-03-16,4,6,8,14,31,43
2013-03-20,17,31,32,36,41,45
2013-03-23,7,17,19,24,27,43
2013-03-27,8,21,31,36,40,42
2013-03-30,3,17,28,29,34,43
2013-04-03,2,9,19,20,38,39
2013-04-06,6,11,13,29,40,44
2013-04-10,2,4,10,12,14,42
2013-04-13,13,15,23,31,40,41
2013-04-17,10,16,18,22,34,39
2013-04-20,10,14,30,34,35,39
2013-04-24,15,19,24,26,29,30
2013-04-27,3,11,14,17,29,34
2013-05-01,4,10,23,35,37,41
2013-05-04,1,15,21,25,36,42
2013-05-08,1,8,14,23,30,32
2013-05-11,19,29,30,31,39,41
2013-05-15,8,11,27,33,35,41
2013-05-18,2,3,13,21,38,40
2013-05-22,7,12,27,28,39,43
2013-05-25,12,13,23,30,31,32
2013-05-29,12,15,19,37,40,43
2013-06-01,3,8,20,24,29,45
2013-06-05,17,22,30,36,40,44
2013-06-08,1,13,14,18,33,43
2013-06-12,1,3,5,7,27,30
2013-06-15,1,14,17,20,30,43
2013-06-19,17,18,31,33,39,40
2013-06-22,9,16,24,25,33,45
2013-06-26,4,6,13,18,31,42
2013-06-29,2,23,25,31,34,43
2013-07-03,3,6,9,16,28,40
2013-07-06,3,9,10,17,26,44
2013-07-10,19,29,30,34,38,40
2013-07-13,4,13,16,21,30,43
2013-07-17,13,15,20,22,41,44
2013-07-20,1,3,7,25,35,43
2013-07-24,1,3,18,27,32,43
2013-07-27,8,14,22,23,32,45
2013-07-31,13,14,16,37,40,45
2013-08-03,11,19,33,36,37,45
2013-08-07,6,10,22,24,28,32
2013-08-10,21,28,33,37,43,44
2013-08-14,17,25,29,30,31,34
2013-08-17,2,5,16,18,38,40
2013-08-21,2,5,11,19,30,36
2013-08-24,12,19,21,28,31,33
2013-08-28,7,11,16,21,30,43
2013-08-31,10,11,17,25,26,41
2013-09-04,10,27,28,38,39,42
2013-09-07,19,22,27,40,43,44
2013-09-11,8,9,23,38,39,40
2013-09-14,9,19,23,35,39,44
2013-09-18,2,20,26,37,40,45
2013-09-21,3,17,22,24,36,42
2013-09-25,4,9,10,23,27,32
2013-09-28,1,11,14,31,36,40
2013-10-02,7,17,33,37,39,41
2013-10-05,4,22,28,32,35,43
2013-10-09,4,7,24,30,39,44
2013-10-12,12,15,18,21,29,41
2013-10-16,10,17,30,35,37,41
2013-10-19,2,11,19,30,33,38
2013-10-23,23,25,30,38,44,45
2013-10-26,7,9,12,14,19,44
2013-10-30,20,24,26,27,40,41
2013-11-02,11,19,26,30,34,40
2013-11-06,2,11,14,34,37,39
2013-11-09,2,9,17,19,36,45
2013-11-13,1,9,32,35,36,39
2013-11-16,5,7,9,25,32,39
2013-11-20,3,15,18,29,33,42
2013-11-23,4,8,28,29,37,41
2013-11-27,6,11,30,37,42,45
2013-11-30,11,15,24,25,33,41
2013-12-04,6,7,13,33,37,39
2013-12-07,11,27,31,36,44,45
2013-12-11,9,13,22,31,32,41
2013-12-14,1,12,19,31,34,36
2013-12-18,4,5,19,22,42,45
2013-12-21,1,4,6,13,19,24
2013-12-25,1,2,3,24,40,41
2013-12-28,1,11,17,21,25,44
2014-01-01,4,17,28,29,30,40
2014-01-04,9,11,21,24,26,39
2014-01-08,2,5,18,33,40,45
2014-01-11,8,14,26,36,38,43
2014-01-15,9,17,27,30,32,42
2014-01-18,14,27,31,34,39,45
2014-01-22,16,17,20,37,41,42
2014-01-25,11,20,37,41,43,45
2014-01-29,1,5,13,19,21,28
2014-02-01,5,17,21,29,40,43
2014-02-05,11,16,17,18,19,37
2014-02-08,12,19,23,36,40,44
2014-02-12,9,12,28,31,33,35
2014-02-15,3,9,13,15,25,38
2014-02-19,12,22,33,39,42,45
2014-02-22,16,18,23,27,39,43
2014-02-26,11,20,29,34,41,44
2014-03-01,1,18,19,23,28,40
2014-03-05,6,13,20,25,35,40
2014-03-08,1,7,20,26,33,40
2014-03-12,4,12,13,14,15,29
2014-03-15,2,3,4,5,13,43
2014-03-19,2,15,17,20,22,32
2014-03-22,12,13,14,18,30,39
2014-03-26,16,17,30,38,41,43
2014-03-29,6,8,21,28,34,41
2014-04-02,7,9,11,19,24,42
2014-04-05,2,6,7,17,31,38
2014-04-09,7,15,17,22,34,41
2014-04-12,7,11,12,18,40,45
2014-04-16,1,4,15,26,31,37
2014-04-19,3,11,12,18,21,44
2014-04-23,13,18,19,21,22,31
2014-04-26,15,20,24,28,38,41
2014-04-30,2,10,20,25,31,41
2014-05-03,7,24,29,30,31,45
2014-05-07,4,11,23,30,35,40
2014-05-10,5,13,15,24,27,41
2014-05-14,22,23,24,28,42,43
2014-05-17,2,5,8,17,27,37
2014-05-21,1,2,18,29,31,40
2014-05-24,7,10,16,38,42,43
2014-05-28,6,8,12,38,42,43
2014-05-31,2,5,7,15,29,32
2014-06-04,6,16,19,20,42,44
2014-06-07,13,15,26,34,43,45
2014-06-11,10,13,15,34,36,39
2014-06-14,9,15,17,29,40,45
2014-06-18,1,3,11,27,34,36
2014-06-21,1,9,21,24,28,43
2014-06-25,5,16,20,21,28,40
2014-06-28,8,14,22,34,37,44
2014-07-02,4,11,17,21,33,44
2014-07-05,7,21,31,35,40,43
2014-07-09,5,13,17,22,23,43
2014-07-12,18,22,27,28,33,43
2014-07-16,8,13,17,32,38,39
2014-07-19,5,27,31,36,37,43
2014-07-23,4,22,25,32,36,41
2014-07-26,8,15,22,28,30,44
2014-07-30,2,10,12,19,22,39
2014-08-02,5,12,31,37,42,44
2014-08-06,2,5,7,9,21,39
2014-08-09,7,15,17,23,29,39
2014-08-13,1,9,14,22,33,42
2014-08-16,5,6,8,16,32,33
2014-08-20,4,15,31,40,41,44
2014-08-23,16,17,18,29,33,36
2014-08-27,6,8,10,13,39,41
2014-08-30,2,3,17,30,32,43
2014-09-03,6,14,23,29,40,45
2014-09-06,8,19,28,32,35,44
2014-09-10,1,8,21,33,39,44
2014-09-13,10,24,33,39,41,44
2014-09-17,8,22,34,37,39,43
2014-09-20,10,11,15,29,35,36
2014-09-24,12,15,22,29,44,45
2014-09-27,11,13,21,24,31,35
2014-10-01,9,10,12,27,33,36
2014-10-04,3,11,21,23,42,45
2014-10-08,1,9,12,21,25,33
2014-10-11,9,24,29,36,37,45
2014-10-15,5,6,28,31,36,37
2014-10-18,2,7,9,10,28,41
2014-10-22,3,7,11,16,19,21
2014-10-25,16,17,21,28,32,33
2014-10-29,3,5,22,33,35,41
2014-11-01,5,26,31,37,38,40
2014-11-05,6,7,21,31,34,45
2014-11-08,2,12,13,18,21,23
2014-11-12,6,16,23,34,36,37
2014-11-15,4,6,12,19,26,44
2014-11-19,6,9,16,28,31,35
2014-11-22,3,28,32,38,41,42
2014-11-26,10,22,28,29,30,38
2014-11-29,2,12,14,18,27,41
2014-12-03,8,13,19,33,44,45
2014-12-06,4,9,16,24,32,45
2014-12-10,16,17,18,20,25,44
2014-12-13,5,9,28,30,31,33
2014-12-17,3,4,6,15,38,45
2014-12-20,11,12,18,19,29,45
2014-12-24,4,9,12,31,37,42
2014-12-27,1,6,11,17,31,33
2014-12-31,3,9,14,27,31,44
2015-01-03,2,4,23,31,36,39
2015-01-07,4,13,18,27,28,42
2015-01-10,14,18,23,34,41,45
2015-01-14,1,4,18,28,37,39
2015-01-17,8,13,17,27,39,44
2015-01-21,1,3,4,18,28,34
2015-01-24,1,15,18,29,33,42
2015-01-28,9,16,17,21,23,25
2015-01-31,9,18,21,26,27,37
2015-02-04,11,13,17,29,39,43
2015-02-07,3,9,15,19,31,43
2015-02-11,5,6,21,23,24,36
2015-02-14,3,5,6,7,20,30
2015-02-18,4,7,12,18,26,30
2015-02-21,1,6,9,12,13,33
2015-02-25,1,13,21,30,39,45
2015-02-28,2,5,13,24,28,35
2015-03-04,1,15,24,36,39,41
2015-03-07,8,11,13,15,23,26
2015-03-11,7,10,22,32,42,45
2015-03-14,5,6,33,40,42,44
2015-03-18,13,18,21,29,31,33
2015-03-21,7,18,29,34,37,44
2015-03-25,4,19,20,34,35,40
2015-03-28,14,17,20,37,40,42
2015-04-01,1,6,7,9,12,42
2015-04-04,10,11,28,32,38,41
2015-04-08,2,4,6,17,24,35
2015-04-11,2,12,22,24,25,32
2015-04-15,5,11,18,27,31,35
2015-04-18,3,4,12,15,20,43
2015-04-22,7,18,20,23,32,38
2015-04-25,3,7,12,13,20,25
2015-04-29,1,17,21,33,37,38
2015-05-02,16,25,27,28,30,45
2015-05-06,4,8,19,32,34,38
2015-05-09,13,14,15,24,28,33
2015-05-13,5,8,11,20,23,43
2015-05-16,1,12,20,22,24,43
2015-05-20,2,7,16,17,29,41
2015-05-23,2,5,6,27,33,40
2015-05-27,1,2,6,15,29,38
2015-05-30,12,18,19,31,42,44
2015-06-03,6,16,19,23,29,43
2015-06-06,5,11,18,31,42,43
2015-06-10,5,6,11,19,24,26
2015-06-13,4,11,14,24,32,36
2015-06-17,14,21,36,39,43,45
2015-06-20,7,15,17,19,24,26
2015-06-24,9,12,16,22,29,37
2015-06-27,15,19,22,29,37,45
2015-07-01,14,20,24,28,30,35
2015-07-04,5,15,30,31,35,37
2015-07-08,1,8,21,30,34,40
2015-07-11,2,6,18,23,31,35
2015-07-15,1,4,20,25,36,43
2015-07-18,9,18,24,25,34,41
2015-07-22,1,15,26,28,42,45
2015-07-25,1,3,7,25,28,40
2015-07-29,6,19,20,21,26,29
2015-08-01,5,10,11,12,13,30
2015-08-05,7,11,13,26,30,43
2015-08-08,9,15,19,25,36,44
2015-08-12,6,10,31,38,43,45
2015-08-15,20,22,23,29,32,45
2015-08-19,1,3,7,10,14,31
2015-08-22,7,19,25,28,29,43
2015-08-26,7,16,19,24,34,41
2015-08-29,2,3,11,31,33,39
2015-09-02,22,33,34,42,44,45
2015-09-05,3,13,27,40,43,44
2015-09-09,6,9,10,23,24,41
2015-09-12,7,12,17,24,31,39
2015-09-16,7,21,30,37,44,45
2015-09-19,8,17,24,37,39,42
2015-09-23,1,5,10,12,21,41
2015-09-26,5,7,9,10,26,37
2015-09-30,2,7,9,17,40,42
2015-10-03,3,9,10,21,31,43
2015-10-07,5,7,14,35,38,41
2015-10-10,1,11,19,24,31,38
2015-10-14,5,13,17,25,35,40
2015-10-17,2,16,24,28,37,40
2015-10-21,6,7,20,30,33,44
2015-10-24,3,5,17,20,21,35
2015-10-28,11,21,25,35,42,44
2015-10-31,4,5,13,18,31,38
2015-11-04,7,18,24,36,37,42
2015-11-07,20,31,40,41,44,45
2015-11-11,6,9,10,24,37,40
2015-11-14,3,7,15,16,33,42
2015-11-18,5,6,10,22,24,42
2015-11-21,4,10,18,35,42,45
2015-11-25,21,23,25,32,37,44
2015-11-28,7,17,26,27,41,43
2015-12-02,13,20,21,25,35,41
2015-12-05,5,14,19,31,33,37
2015-12-09,7,11,13,37,39,41
2015-12-12,6,10,16,22,25,32
2015-12-16,9,10,22,24,35,40
2015-12-19,1,7,15,16,40,42
2015-12-23,2,4,16,17,30,34
2015-12-26,1,8,10,19,22,27
2015-12-30,3,21,26,31,39,42
2016-01-02,1,2,10,29,30,31
2016-01-06,3,9,19,28,30,34
2016-01-09,7,10,13,20,32,43
2016-01-13,7,13,25,26,31,32
2016-01-16,7,8,33,34,43,45
2016-01-20,18,19,21,23,30,31
2016-01-23,9,16,30,37,40,42
2016-01-27,2,12,13,21,26,33
2016-01-30,2,3,4,8,12,44
2016-02-03,3,11,15,20,42,43
2016-02-06,9,26,27,28,29,37
2016-02-10,5,10,17,18,29,38
2016-02-13,11,17,27,34,36,38
2016-02-17,6,13,22,29,35,43
2016-02-20,8,10,14,21,32,42
2016-02-24,6,7,15,19,29,39
2016-02-27,3,29,30,43,44,45
2016-03-02,3,4,7,17,38,42
2016-03-05,7,11,24,28,31,44
2016-03-09,8,9,11,18,26,43
2016-03-12,14,16,26,31,35,42
2016-03-16,15,17,24,25,29,42
2016-03-19,6,13,20,24,32,45
2016-03-23,6,10,12,16,22,27
2016-03-26,4,6,17,24,28,32
2016-03-30,8,10,21,30,33,36
2016-04-02,6,8,15,16,33,37
2016-04-06,6,9,11,23,31,37
2016-04-09,7,10,11,17,22,38
2016-04-13,5,21,24,31,34,42
2016-04-16,3,11,14,19,20,26
2016-04-20,13,22,24,26,28,39
2016-04-23,3,5,10,25,38,41
2016-04-27,16,20,23,34,38,40
2016-04-30,11,32,37,41,42,45
2016-05-04,3,7,10,25,26,37
2016-05-07,17,21,27,30,32,34
2016-05-11,3,21,22,24,26,44
2016-05-14,4,10,20,24,28,38
2016-05-18,3,20,27,30,39,42
2016-05-21,5,14,18,21,23,42
2016-05-25,1,20,27,34,36,41
2016-05-28,2,11,12,24,34,36
2016-06-01,1,9,13,23,26,32
2016-06-04,3,4,10,18,24,29
2016-06-08,1,4,5,15,24,39
2016-06-11,4,11,14,16,21,27
2016-06-15,9,17,25,26,33,36
2016-06-18,9,17,18,24,25,30
2016-06-22,8,10,12,17,23,28
2016-06-25,11,14,20,22,37,42
2016-06-29,1,10,16,21,38,43
2016-07-02,6,7,13,26,28,45
2016-07-06,10,25,36,38,40,44
2016-07-09,3,11,20,27,31,34
2016-07-13,18,25,32,35,42,45
2016-07-16,2,9,12,21,27,33
2016-07-20,1,7,19,27,34,43
2016-07-23,5,7,18,20,23,42
2016-07-27,3,4,6,22,34,45
2016-07-30,3,10,20,21,34,40
2016-08-03,1,5,12,16,28,35
2016-08-06,3,15,19,30,32,45
2016-08-10,4,7,15,16,27,37
2016-08-13,1,2,8,15,24,34
2016-08-17,4,7,9,18,29,45
2016-08-20,10,28,32,41,44,45
2016-08-24,8,20,22,33,38,40
2016-08-27,16,19,22,30,43,45
2016-08-31,4,7,13,14,17,27
2016-09-03,24,31,32,33,40,42
2016-09-07,11,18,24,35,42,45
2016-09-10,5,6,18,30,32,36
2016-09-14,8,11,16,23,24,30
2016-09-17,2,9,13,17,29,45
2016-09-21,8,16,20,26,35,40
2016-09-24,19,22,25,35,40,42
2016-09-28,16,27,28,33,35,43
2016-10-01,1,14,16,19,29,33
2016-10-05,9,18,23,31,32,36
2016-10-08,1,7,10,11,22,30
2016-10-12,3,6,14,36,39,43
2016-10-15,1,5,12,22,33,40
2016-10-19,13,15,22,25,26,38
2016-10-22,2,9,26,34,35,42
2016-10-26,1,5,12,16,27,35
2016-10-29,10,11,22,28,34,35
2016-11-02,3,6,7,20,25,37
2016-11-05,18,19,22,26,27,28
2016-11-09,4,9,24,33,34,35
2016-11-12,2,3,14,22,41,45
2016-11-16,10,18,31,38,41,42
2016-11-19,3,12,20,28,31,34
2016-11-23,1,15,17,21,35,44
2016-11-26,1,3,18,25,27,29
2016-11-30,2,11,27,37,38,45
2016-12-03,12,18,19,28,30,43
2016-12-07,4,13,20,30,32,42
2016-12-10,4,8,23,26,42,45
2016-12-14,20,29,34,35,37,40
2016-12-17,9,13,20,22,25,36
2016-12-21,2,7,8,18,26,37
2016-12-24,4,23,25,31,40,44
2016-12-28,3,8,11,13,18,33
2016-12-31,3,8,22,25,37,38
2017-01-04,16,22,24,29,39,45
2017-01-07,5,13,17,21,26,32
2017-01-11,10,11,26,30,34,37
2017-01-14,12,14,17,24,31,43
2017-01-18,2,16,27,29,38,41
2017-01-21,4,14,21,26,34,38
2017-01-25,28,31,37,38,43,44
2017-01-28,6,7,10,30,33,44
2017-02-01,3,9,18,27,39,44
2017-02-04,3,9,11,31,34,42
2017-02-08,23,29,30,31,38,40
2017-02-11,6,17,31,33,34,35
2017-02-15,14,17,21,25,30,31
2017-02-18,2,3,8,13,28,29
2017-02-22,11,12,28,30,32,39
2017-02-25,6,10,11,23,29,32
2017-03-01,1,4,26,42,44,45
2017-03-04,4,9,10,37,44,45
2017-03-08,2,15,22,24,35,45
2017-03-11,3,14,23,27,33,36
2017-03-15,5,6,18,19,22,36
2017-03-18,1,2,7,8,20,26
2017-03-22,1,6,7,14,27,44
2017-03-25,3,7,10,12,28,30
2017-03-29,8,17,19,23,25,35
2017-04-01,2,9,11,15,24,45
2017-04-05,1,19,26,33,35,40
2016-04-08,3,4,24,25,27,30
2017-04-12,12,14,16,21,29,43
2017-04-15,6,11,20,23,30,31
2017-04-19,11,17,18,34,43,45
2017-04-22,15,28,36,37,41,10
2017-04-26,1,2,25,31,33,14
2017-04-29,6,19,25,28,36,1
2017-05-03,5,6,7,12,37,6
2017-05-06,1,20,36,39,43,10
2017-05-10,12,19,22,35,38,1
2017-05-13,11,19,27,28,37,8
2017-05-17,15,21,26,28,36,3
2017-05-20,1,11,28,31,41,9
2017-05-24,7,22,29,32,41,14
2017-05-27,8,12,20,36,40,1
2017-05-31,12,13,25,31,42,16
2017-06-03,3,26,33,34,38,16
2017-06-07,3,20,33,34,40,14
2017-06-10,13,20,26,29,40,7
2017-06-14,2,9,12,34,40,7
2017-06-17,9,20,24,31,33,16
2017-06-21,4,6,14,17,29,5
2017-06-24,3,4,9,20,32,11
2017-06-28,18,22,32,37,39,2
2017-07-01,10,16,18,35,40,6
2017-07-05,20,22,25,37,43,8
2017-07-08,1,7,12,19,21,8
2017-07-12,7,23,30,33,36,4
2017-07-15,7,23,24,34,39,4
2017-07-19,14,15,20,25,40,12
2017-07-22,6,9,15,37,42,16
2017-07-26,1,27,31,34,36,11
2017-07-29,3,13,14,17,23,2
2017-08-02,1,22,31,32,37,16
2017-08-05,14,25,28,37,41,13
2017-08-09,4,5,9,13,49,15
2017-08-12,15,16,18,19,37,11
2017-08-16,6,14,32,34,42,10
2017-08-19,1,5,6,13,26,6
2017-08-23,13,15,18,26,43,3
2017-08-26,1,6,12,18,36,9
2017-08-30,4,24,28,36,39,5
2017-09-02,1,4,13,23,33,9
2017-09-06,8,16,19,35,41,13
2017-09-09,1,2,20,31,43,8
2017-09-13,7,11,23,41,43,11
2017-09-16,10,17,24,37,42,6
2017-09-20,10,16,19,23,34,11
2017-09-23,4,15,22,23,38,11
2017-09-27,1,10,28,35,41,4
2017-09-30,3,10,13,21,38,10
2017-10-04,24,31,32,33,34,6
2017-10-07,19,22,29,38,39,2
2017-10-11,2,10,21,23,35,9
2017-10-14,18,27,38,40,41,16
2017-10-18,17,26,27,28,40,7
2017-10-21,2,4,9,15,24,11
2017-10-25,11,21,31,32,39,1
2017-10-28,13,20,28,35,40,3
2017-11-01,22,24,28,34,42,8
2017-11-04,15,20,25,29,43,10
2017-11-08,2,4,10,17,37,6
2017-11-12,1,18,22,30,39,1
2017-11-15,11,18,23,32,40,2
2017-11-18,8,12,22,29,39,11
2017-11-22,9,12,18,37,41,13
2017-11-25,15,21,25,26,31,4
2017-11-29,2,5,7,9,28,13
2017-12-02,2,14,21,27,28,1
2017-12-06,3,23,28,29,32,2
2017-12-09,11,15,23,24,25,7
2017-12-13,11,23,33,36,42,4
2017-12-16,17,23,25,29,31,6
2017-12-20,8,14,20,22,42,7
2017-12-23,6,8,13,29,31,13
2017-12-27,2,13,14,26,42,8
2017-12-30,14,30,35,37,40,14
2018-01-03,1,2,33,34,41,10
2018-01-06,1,2,4,5,13,10
2018-01-10,1,5,9,29,42,8
2018-01-13,7,10,24,31,43,5
2018-01-17,6,17,23,27,32,7
2018-01-20,2,6,16,23,43,1
2018-01-24,6,11,12,17,40,14
2018-01-27,12,13,15,18,31,1
2018-01-31,12,19,27,28,41,4
2018-02-03,1,4,14,21,42,16
2018-02-07,4,23,27,29,34,12
2018-02-10,5,6,14,16,35,9
2018-02-14,9,12,18,32,38,7
2018-02-17,10,23,25,26,33,1
2018-02-21,18,34,37,39,41,2
2018-02-24,5,6,9,39,42,16
2018-02-28,7,16,18,37,40,8
2018-03-03,15,28,31,32,35,12
2018-03-07,8,23,24,32,36,13
2018-03-10,4,17,27,28,42,4
2018-03-14,6,20,25,27,43,4
2018-03-17,7,17,18,30,33,3
2018-03-21,10,14,18,20,33,6
2018-03-24,17,26,28,29,42,11
2018-03-28,3,11,18,24,37,11
2018-03-31,9,15,19,27,30,2
2018-04-04,4,7,10,36,41,4
2018-04-07,13,15,24,33,40,9
2018-04-11,7,20,36,42,43,7
2018-04-14,1,12,28,30,33,3
2018-04-18,3,23,31,35,40,15
2018-04-21,10,12,16,17,27,6
2018-04-25,14,27,34,37,43,13
2018-04-28,10,18,19,36,43,13
2018-05-02,7,37,38,39,41,3
2018-05-05,5,6,14,26,31,11
2018-05-09,11,12,39,40,43,1
2018-05-12,6,10,23,31,34,3
2018-05-16,13,16,28,34,38,1
2018-05-19,12,13,23,35,39,16
2018-05-23,8,11,17,23,39,7
2018-05-26,9,12,16,18,34,11
2018-05-30,6,15,19,27,42,16
2018-06-02,3,16,19,20,23,8
2018-06-06,1,7,12,26,43,14
2018-06-09,1,4,18,21,42,2
2018-06-13,2,8,20,25,27,4
2018-06-16,3,20,22,24,36,6
2018-06-20,7,8,18,25,43,6
2018-06-23,11,12,25,33,39,7
2018-06-27,16,20,29,33,40,3
2018-06-30,3,16,18,30,34,16
2018-07-04,5,7,20,34,37,4
2018-07-07,8,11,22,35,41,10
2018-07-11,6,17,31,32,41,13
2018-07-14,4,13,14,16,33,5
2018-07-18,21,32,33,34,37,11
2018-07-21,12,25,32,33,41,10
2018-07-25,2,13,25,36,43,15
2018-07-28,2,11,26,33,40,15
2018-08-01,2,5,9,11,42,9
2018-08-04,6,16,20,24,30,11
2018-08-08,5,33,34,42,43,7
2018-08-11,2,3,22,28,37,8
2018-08-15,1,12,20,39,41,13
2018-08-18,6,12,16,21,33,5
2018-08-22,10,12,34,35,36,9
2018-08-25,3,22,26,29,36,7
2018-08-29,17,27,37,38,40,3
2018-09-01,3,8,10,15,39,9
2018-09-05,4,22,26,29,36,13
2018-09-08,8,9,19,23,38,14
2018-09-12,3,18,34,42,43,4
2018-09-15,2,5,9,34,42,13
2018-09-19,8,24,26,33,35,6
2018-09-22,20,23,35,36,41,14
2018-09-26,2,4,6,7,13,2
2018-09-29,10,14,20,21,41,11
2018-10-03,5,18,19,25,41,11
2018-10-06,8,16,25,36,37,12
2018-10-10,19,26,33,34,42,8
2018-10-13,11,21,27,41,43,12
2018-10-17,5,13,14,35,42,11
2018-10-20,19,20,34,38,39,3
2018-10-24,1,7,11,16,23,3
2018-10-27,6,20,33,36,41,9
2018-10-31,8,17,21,25,40,16
2018-11-03,9,14,28,33,43,1
2018-11-07,8,20,32,36,40,8
2018-11-10,5,23,24,29,43,2
2018-11-14,11,20,21,23,32,12
2018-11-17,10,12,13,32,38,2
2018-11-21,1,15,19,21,42,8
2018-11-24,5,13,22,34,43,2
2018-11-28,2,4,16,30,40,3
2018-12-01,3,6,23,25,38,1
2018-12-05,1,14,15,18,25,13
2018-12-08,14,20,24,25,39,7
2018-12-12,4,17,36,37,43,11
2018-12-15,4,13,25,31,33,5
2018-12-19,15,27,28,41,42,4
2018-12-22,3,7,11,39,41,2
2018-12-26,9,13,31,33,41,3
2018-12-29,10,14,29,30,42,2
2019-01-02,9,14,25,26,37,7
2019-01-05,10,14,19,39,41,1
2019-01-09,5,20,27,30,38,16
2019-01-12,2,19,22,28,32,11
2019-01-16,6,13,15,26,31,3
2019-01-19,8,15,28,38,42,7
2019-01-23,7,9,16,24,31,3
2019-01-26,3,7,11,19,25,3
2019-01-30,16,18,19,21,38,7
2019-02-02,16,17,21,22,43,3
2019-02-06,1,10,23,38,43,7
2019-02-09,3,5,30,37,39,12
2019-02-13,1,5,6,8,27,14
2019-02-16,19,25,28,31,40,11
2019-02-20,3,10,32,40,42,15
2019-02-23,3,7,14,19,22,4
2019-02-27,6,10,12,18,39,7
2019-03-02,6,22,25,28,40,5
2019-03-06,2,4,12,18,35,7
2019-03-09,24,29,34,35,40,13
2019-03-13,6,8,13,14,37,6
2019-03-16,5,16,26,32,36,3
2019-03-20,6,22,33,36,41,13
2019-03-23,18,20,21,35,43,5
2019-03-27,3,15,20,23,25,11
2019-03-30,6,17,24,39,43,16
2019-04-03,3,4,22,40,41,14
2019-04-06,20,29,32,34,37,6
2019-04-10,15,18,24,34,39,4
2019-04-13,6,7,8,27,34,14
2019-04-17,3,4,31,34,43,14
2019-04-20,10,17,24,29,43,14
2019-04-24,4,8,32,34,40,4
2019-04-27,1,13,32,37,43,10
2019-05-01,1,4,8,19,27,5
2019-05-04,4,11,12,16,26,2
2019-05-08,1,4,21,30,43,15
2019-05-11,3,11,27,39,41,4
2019-05-15,3,17,25,39,42,4
2019-05-18,3,4,20,25,37,12
2019-05-22,9,16,20,28,37,5
2019-05-25,2,10,14,34,40,14
2019-05-29,1,2,22,29,42,16
2019-06-01,1,3,17,23,32,16
2019-06-05,1,4,8,22,37,13
2019-06-08,10,25,29,35,37,5
2019-06-12,3,8,25,28,40,2
2019-06-15,10,14,27,35,41,12
2019-06-19,4,10,20,32,33,15
2019-06-22,15,16,24,26,32,10
2019-06-26,6,12,15,26,35,7
2019-06-29,2,12,16,26,30,2
2019-07-03,1,2,3,10,31,1
2019-07-06,1,8,21,34,35,10
2019-07-10,9,12,31,33,43,11
2019-07-13,2,18,29,37,39,13
2019-07-17,6,12,14,15,38,10
2019-07-20,10,11,15,31,38,5
2019-07-24,3,12,24,25,26,12
2019-07-27,9,13,18,19,33,9
2019-07-31,10,20,25,28,30,3
2019-08-03,2,11,33,36,38,11
2019-08-07,6,27,32,40,42,1
2019-08-10,6,29,34,41,42,16
2019-08-14,7,22,25,36,37,3
2019-08-17,10,12,25,27,41,3
2019-08-21,6,8,13,28,29,8
2019-08-24,4,8,12,17,35,12
2019-08-28,11,18,29,35,37,6
2019-08-31,17,18,33,41,42,8
2019-09-04,2,11,18,23,43,14
2019-09-07,11,14,20,30,34,7
2019-09-11,6,19,23,25,41,7
2019-09-14,1,19,31,37,39,11
2019-09-18,18,23,28,33,35,12
2019-09-21,21,23,26,37,43,11
2019-09-25,4,11,14,16,36,15
2019-09-28,1,9,27,29,35,13
2019-10-02,3,10,20,30,39,11
2019-10-05,19,23,26,30,36,11
2019-10-09,4,9,10,35,40,11
2019-10-12,2,8,9,12,39,13
2019-10-16,5,13,14,26,31,15
2019-10-19,4,8,19,20,35,9
2019-10-23,12,19,20,29,43,1
2019-10-26,2,11,24,28,39,3
2019-10-30,3,10,16,25,41,8
2019-11-02,2,3,4,12,16,10
2019-11-06,7,16,19,20,37,2
2019-11-09,2,10,16,23,25,11
2019-11-13,8,11,13,18,27,12
2019-11-16,3,7,23,30,35,5
2019-11-20,2,14,16,17,31,2
2019-11-23,17,18,20,27,29,11
2019-11-27,11,19,29,36,40,7
2019-11-30,2,3,18,21,36,13
2019-12-04,10,15,16,29,39,16
2019-12-07,12,15,16,38,39,10
2019-12-11,4,13,24,39,41,1
2019-12-14,11,21,33,39,43,8
2019-12-18,8,19,22,25,38,2
2019-12-21,8,14,17,23,37,13
2019-12-25,21,30,35,36,41,2
2019-12-28,2,9,17,27,42,11
2020-01-01,24,26,35,36,41,9
2020-01-04,4,9,15,24,29,7
2020-01-08,10,11,15,28,35,11
2020-01-11,1,4,29,32,33,2
2020-01-15,16,28,37,42,43,9
2020-01-18,2,8,9,25,33,12
2020-01-22,1,7,10,25,27,2
2020-01-25,12,22,30,31,34,7
2020-01-29,17,21,32,36,37,3
2020-02-01,1,18,19,34,40,2
2020-02-05,6,14,25,29,42,13
2020-02-08,4,12,15,33,42,3
2020-02-12,10,15,20,32,41,14
2020-02-15,5,8,10,13,20,8
2020-02-19,1,14,18,22,43,6
2020-02-22,19,20,24,34,43,5
2020-02-26,5,8,12,17,43,9
2020-02-29,5,23,26,32,38,11
2020-03-04,4,9,14,31,34,15
2020-03-07,1,4,8,11,36,9
2020-03-11,8,19,25,36,38,6
2020-03-14,11,20,21,38,40,9
2020-03-18,2,3,4,5,29,12
2020-03-21,4,9,20,35,43,5
2020-04-29,5,24,27,32,35,15
2020-05-02,8,11,15,35,40,14
2020-05-06,9,17,28,31,40,2
2020-05-09,24,30,37,38,40,7
2020-05-13,6,10,14,22,39,14
2020-05-16,16,18,26,37,42,2
2020-05-20,3,7,12,13,40,13
2020-05-23,2,11,26,32,41,5
2020-05-27,4,8,18,25,29,7
2020-05-30,1,7,14,35,43,12
2020-06-03,9,12,23,33,36,7
2020-06-06,2,7,9,12,34,16
2020-06-10,7,14,16,18,36,11
2020-06-13,13,25,30,36,41,7
2020-06-17,1,3,8,28,41,15
2020-06-20,5,14,28,31,39,10
2020-06-24,5,29,33,34,39,9
2020-06-27,8,12,16,21,27,16
2020-07-01,1,8,14,23,40,11
2020-07-04,3,30,32,38,41,6
2020-07-08,22,34,36,37,43,12
2020-07-11,10,13,22,26,42,5
2020-07-15,4,5,13,16,41,2
2020-07-18,5,6,7,28,32,16
2020-07-22,2,22,24,27,37,6