6/04/1965,3,1,0,9
13/04/1965,9,4,7,1
20/04/1965,4,3,1,7
27/04/1965,5,1,6,8
4/05/1965,0,0,2,5
11/05/1965,7,8,7,7
25/05/1965,9,0,2,3
1/06/1965,4,5,9,9
8/06/1965,6,2,6,0
15/06/1965,2,0,4,2
22/06/1965,0,9,5,0
30/06/1965,9,9,3,2
6/07/1965,9,4,5,5
13/07/1965,5,0,9,4
21/07/1965,2,2,1,6
27/07/1965,0,1,2,6
3/08/1965,2,3,8,9
10/08/1965,5,1,8,4
17/08/1965,6,1,4,4
24/08/1965,1,8,2,5
31/08/1965,9,3,9,2
7/09/1965,4,3,5,6
14/09/1965,0,6,4,5
21/09/1965,2,3,2,9
28/09/1965,4,9,1,3
5/10/1965,2,1,5,5
13/10/1965,2,9,6,0
19/10/1965,1,3,8,1
26/10/1965,8,9,2,6
2/11/1965,0,0,0,7
9/11/1965,6,1,2,2
16/11/1965,6,1,8,8
23/11/1965,9,3,6,1
30/11/1965,9,5,9,3
7/12/1965,7,2,4,4
14/12/1965,2,0,9,1
21/12/1965,2,0,8,1
11/01/1966,8,0,9,8
18/01/1966,2,9,5,7
25/01/1966,9,2,7,3
1/02/1966,3,4,0,3
8/02/1966,4,0,5,4
15/02/1966,7,6,5,0
22/02/1966,0,7,0,0
1/03/1966,6,9,0,3
8/03/1966,7,1,1,5
15/03/1966,9,4,2,2
22/03/1966,8,1,7,4
29/03/1966,9,5,3,1
5/04/1966,4,1,9,6
12/04/1966,5,1,6,5
19/04/1966,1,1,1,3
26/04/1966,0,2,9,2
3/05/1966,7,7,2,8
10/05/1966,6,0,7,9
17/05/1966,6,0,5,4
24/05/1966,2,4,0,3
31/05/1966,3,3,6,5
7/06/1966,3,0,5,6
14/06/1966,2,4,0,0
21/06/1966,4,5,2,9
28/06/1966,0,1,1,9
5/07/1966,0,8,8,7
12/07/1966,7,8,3,2
19/07/1966,4,0,1,4
26/07/1966,2,8,8,3
2/08/1966,2,8,5,6
9/08/1966,5,3,3,8
16/08/1966,4,2,1,9
23/08/1966,7,0,6,7
30/08/1966,6,2,7,7
6/09/1966,4,6,3,2
13/09/1966,8,7,1,3
20/09/1966,1,8,6,2
27/09/1966,0,8,3,5
4/10/1966,8,9,0,8
11/10/1966,0,1,5,4
18/10/1966,9,8,1,6
25/10/1966,6,2,6,8
2/11/1966,4,7,3,4
8/11/1966,5,5,9,3
15/11/1966,9,2,4,8
22/11/1966,9,1,3,4
29/11/1966,3,1,4,3
6/12/1966,2,3,7,8
13/12/1966,0,9,9,7
20/12/1966,9,1,6,2
10/01/1967,6,6,2,0
17/01/1967,8,3,7,8
24/01/1967,6,1,5,7
31/01/1967,1,3,2,2
7/02/1967,6,8,8,5
14/02/1967,6,2,0,3
21/02/1967,4,4,3,8
2/07/1974,8,7,9,6
9/07/1974,0,5,3,7
16/07/1974,1,2,4,2
23/07/1974,9,6,6,2
30/07/1974,6,7,4,2
6/08/1974,4,4,9,8
20/08/1974,7,9,9,2
27/08/1974,4,3,4,1
3/09/1974,6,3,0,4
10/09/1974,2,8,9,8
17/09/1974,1,0,9,6
24/09/1974,1,6,1,3
1/10/1974,4,3,2,5
8/10/1974,3,8,8,8
15/10/1974,3,6,9,9
22/10/1974,1,6,8,3
29/10/1974,3,4,2,8
5/11/1974,5,2,6,0
12/11/1974,1,6,8,1
26/11/1974,8,3,2,3
3/12/1974,9,5,1,9
10/12/1974,3,1,7,7
17/12/1974,4,2,8,7
24/12/1974,8,1,3,8
31/12/1974,4,3,1,2
7/01/1975,2,9,5,5
14/01/1975,1,3,4,4
21/01/1975,0,2,6,6
28/01/1975,8,6,1,6
4/02/1975,4,1,9,8
11/02/1975,3,5,2,2
18/02/1975,8,8,4,3
25/02/1975,8,0,1,8
4/03/1975,3,8,4,2
11/03/1975,4,4,7,2
18/03/1975,2,4,7,3
25/03/1975,2,6,9,8
1/04/1975,4,1,7,7
8/04/1975,5,8,9,1
15/04/1975,3,7,7,6
22/04/1975,4,9,3,1
29/04/1975,4,9,9,9
6/05/1975,1,8,4,0
20/05/1975,5,9,8,9
27/05/1975,5,3,4,8
3/06/1975,6,7,9,2
10/06/1975,5,9,6,7
17/06/1975,8,2,7,8
24/06/1975,1,0,5,4
1/07/1975,2,3,1,5
8/07/1975,2,2,9,3
15/07/1975,1,2,7,9
22/07/1975,6,7,7,0
29/07/1975,9,6,8,9
5/08/1975,5,1,2,7
12/08/1975,1,5,4,4
19/08/1975,9,0,8,6
26/08/1975,6,0,3,5
2/09/1975,6,3,2,5
9/09/1975,7,5,8,7
16/09/1975,5,5,0,4
23/09/1975,6,3,8,7
30/09/1975,7,3,6,0
7/10/1975,5,8,7,1
14/10/1975,0,4,5,1
21/10/1975,7,7,3,3
28/10/1975,1,3,5,0
4/11/1975,0,2,2,4
12/11/1975,0,8,4,8
18/11/1975,2,3,3,5
25/11/1975,0,2,3,4
2/12/1975,7,4,2,6
16/12/1975,3,2,2,4
23/12/1975,4,5,4,1
30/12/1975,6,9,2,2
7/01/1976,9,0,0,6
13/01/1976,6,0,3,3
20/01/1976,5,9,9,3
27/01/1976,5,7,2,1
3/02/1976,8,1,2,2
10/02/1976,1,4,3,6
17/02/1976,7,7,3,3
24/02/1976,5,7,6,9
2/03/1976,3,8,5,1
9/03/1976,7,4,4,1
16/03/1976,2,6,0,3
23/03/1976,6,6,2,5
30/03/1976,9,7,2,1
6/04/1976,2,9,0,3
13/04/1976,3,2,8,0
20/04/1976,3,5,1,4
27/04/1976,2,5,6,1
4/05/1976,2,7,0,9
11/05/1976,7,5,2,9
18/05/1976,6,5,3,3
25/05/1976,7,8,9,9
1/06/1976,2,7,5,1
8/06/1976,4,8,9,6
15/06/1976,5,6,5,7
22/06/1976,4,2,5,4
28/06/1976,1,0,2,8
6/07/1976,6,8,6,0
13/07/1976,2,7,3,3
21/07/1976,4,8,0,0
27/07/1976,1,1,8,4
3/08/1976,1,5,4,6
10/08/1976,4,6,8,1
17/08/1976,3,1,9,0
24/08/1976,4,2,2,8
31/08/1976,6,1,3,6
7/09/1976,3,4,8,1
14/09/1976,2,6,0,6
21/09/1976,2,2,5,8
28/09/1976,3,1,4,9
6/10/1976,0,1,3,4
13/10/1976,5,0,3,0
19/10/1976,1,5,6,5
26/10/1976,2,8,7,2
2/11/1976,9,0,8,9
9/11/1976,7,7,8,5
16/11/1976,7,6,5,8
23/11/1976,8,3,8,6
30/11/1976,9,0,0,3
7/12/1976,2,4,1,0
14/12/1976,6,3,6,0
21/12/1976,4,2,5,1
28/12/1976,7,7,6,9
4/01/1977,1,7,2,4
11/01/1977,7,5,0,0
18/01/1977,2,3,7,5
25/01/1977,3,9,2,5
1/02/1977,6,8,5,6
8/02/1977,3,2,0,8
15/02/1977,4,6,6,1
22/02/1977,0,6,6,8
1/03/1977,3,7,0,7
8/03/1977,2,8,8,7
15/03/1977,3,5,0,1
22/03/1977,0,7,5,6
29/03/1977,7,3,3,2
5/04/1977,4,0,0,8
19/04/1975,3,8,5,2
26/04/1975,8,7,3,9
3/05/1975,0,6,2,3
10/05/1975,5,4,5,1
17/05/1975,4,5,5,2
24/05/1975,2,6,0,8
31/05/1975,8,7,4,0
7/06/1975,6,4,9,5
14/06/1975,6,5,3,9
21/06/1975,3,5,8,5
28/06/1975,1,3,1,9
5/07/1975,8,2,7,4
12/07/1975,4,1,8,1
19/07/1975,6,7,3,8
26/07/1975,1,9,1,6
2/08/1975,0,1,6,1
9/08/1975,8,0,6,4
16/08/1975,4,8,1,4
23/08/1975,6,1,6,3
30/08/1975,8,4,8,2
6/09/1975,6,1,4,3
13/09/1975,8,8,8,6
20/09/1975,6,3,7,3
27/09/1975,5,0,7,2
4/10/1975,6,8,8,7
11/10/1975,9,5,9,1
18/10/1975,9,0,7,6
25/10/1975,9,1,0,7
2/11/1975,3,2,8,4
8/11/1975,4,2,0,8
15/11/1975,5,0,6,1
22/11/1975,2,6,3,5
29/11/1975,8,8,3,9
6/12/1975,3,6,2,2
13/12/1975,1,2,1,5
20/12/1975,8,3,1,1
27/12/1975,4,6,6,6
3/01/1976,7,2,4,9
10/01/1976,1,7,5,2
17/01/1976,5,5,1,9
24/01/1976,2,5,3,3
31/01/1976,9,7,5,7
7/02/1976,3,0,0,4
14/02/1976,8,8,5,4
21/02/1976,0,9,6,2
28/02/1976,5,1,2,2
7/03/1978,1,4,4,7
21/03/1978,7,7,8,6
28/03/1978,3,9,0,3
4/04/1978,0,9,5,8
11/04/1978,1,1,2,9
18/04/1978,3,5,2,8
25/04/1978,3,5,4,8
2/05/1978,1,9,3,0
9/05/1978,2,6,5,5
16/05/1978,2,4,6,5
23/05/1978,4,7,8,2
30/05/1978,3,0,8,4
6/06/1978,4,6,2,5
13/06/1978,6,4,9,8
20/06/1978,2,9,3,4
28/06/1978,1,6,7,4
4/07/1978,4,7,4,4
11/07/1978,9,3,7,4
18/07/1978,7,7,8,5
25/07/1978,8,9,5,4
1/08/1978,1,4,7,3
9/08/1978,4,3,4,8
16/08/1978,8,2,7,4
22/08/1978,4,4,2,2
29/08/1978,4,4,6,9
5/09/1978,3,1,0,4
12/09/1978,8,6,0,6
19/09/1978,1,5,2,0
26/09/1978,2,2,4,0
3/10/1978,7,9,3,7
10/10/1978,4,6,2,3
17/10/1978,2,1,5,8
24/10/1978,6,9,0,0
31/10/1978,1,3,6,4
7/11/1978,2,1,9,3
14/11/1978,4,7,2,1
21/11/1978,8,5,1,0
5/12/1978,1,7,5,1
12/12/1978,7,7,3,8
19/12/1978,5,3,4,3
26/12/1978,5,9,8,9
2/01/1979,5,6,4,5
9/01/1979,2,7,8,7
16/01/1979,2,9,5,4
23/01/1979,8,6,6,0
30/01/1979,2,6,8,4
6/02/1979,0,5,6,2
13/02/1979,3,8,3,5
20/02/1979,9,7,7,6
27/02/1979,9,6,5,3
6/03/1979,1,6,9,7
13/03/1979,8,8,5,8
20/03/1979,5,1,0,0
27/03/1979,2,2,7,8
3/04/1979,5,1,4,1
10/04/1979,1,5,7,8
17/04/1979,6,9,0,0
24/04/1979,3,8,7,8
2/05/1979,6,0,3,2
15/05/1979,8,1,2,3
22/05/1979,1,2,0,4
29/05/1979,0,3,0,7
5/06/1979,1,5,8,4
12/06/1979,7,6,3,8
19/06/1979,1,7,2,2
26/06/1979,4,2,3,4
3/07/1979,9,7,4,4
10/07/1979,5,7,1,5
17/07/1979,1,1,6,8
24/07/1979,4,0,5,9
1/08/1979,1,4,7,0
8/08/1979,3,4,2,8
14/08/1979,9,1,5,6
21/08/1979,3,9,2,5
28/08/1979,1,5,2,4
4/09/1979,9,6,4,7
11/09/1979,7,9,9,5
18/09/1979,3,8,7,9
25/09/1979,7,3,9,4
2/10/1979,8,0,0,4
9/10/1979,6,0,2,6
16/10/1979,8,6,3,9
23/10/1979,2,0,8,3
30/10/1979,6,1,2,2
6/11/1979,2,7,5,9
13/11/1979,9,5,4,6
20/11/1979,0,5,9,8
27/11/1979,6,0,6,9
4/12/1979,3,9,9,7
11/12/1979,4,7,8,1
18/12/1979,7,4,3,3
26/12/1979,3,8,1,5
2/01/1980,8,2,1,5
9/01/1980,0,0,9,3
15/01/1980,6,2,5,0
22/01/1980,2,5,3,3
29/01/1980,4,0,0,0
5/02/1980,5,5,4,4
12/02/1980,8,3,0,8
19/02/1980,0,3,2,8
26/02/1980,4,7,4,2
4/03/1980,9,7,8,4
11/03/1980,5,8,4,0
18/03/1980,0,1,5,6
25/03/1980,2,3,3,6
1/04/1980,4,3,8,8
8/04/1980,5,4,3,8
15/04/1980,6,2,5,3
22/04/1980,7,4,3,5
29/04/1980,0,1,7,0
6/05/1980,0,7,7,3
13/05/1980,6,2,7,5
20/05/1980,5,9,7,9
27/05/1980,0,3,2,6
3/06/1980,5,6,3,2
10/06/1980,2,8,5,5
17/06/1980,7,7,5,1
24/06/1980,2,8,1,7
1/07/1980,8,6,6,6
8/07/1980,0,1,5,5
15/07/1980,3,3,3,2
22/07/1980,4,1,3,1
29/07/1980,6,2,1,0
5/08/1980,5,0,0,0
12/08/1980,7,5,6,0
19/08/1980,4,4,6,6
26/08/1980,3,8,0,3
2/09/1980,8,2,3,7
9/09/1980,5,7,3,8
16/09/1980,8,9,7,1
23/09/1980,9,5,5,9
30/09/1980,0,2,6,3
7/10/1980,7,4,8,3
14/10/1980,7,6,2,6
21/10/1980,6,6,0,5
28/10/1980,8,1,0,6
4/11/1980,3,0,9,5
11/11/1980,8,3,4,2
18/11/1980,0,2,5,8
25/11/1980,6,6,9,9
2/12/1980,6,1,2,5
9/12/1980,1,3,7,3
16/12/1980,4,5,1,3
23/12/1980,8,6,3,1
29/12/1980,7,1,2,9
7/01/1981,8,2,1,8
13/01/1981,3,1,8,4
20/01/1981,4,4,6,6
27/01/1981,5,2,2,8
3/02/1981,3,4,6,0
10/02/1981,7,2,5,6
17/02/1981,6,6,7,5
24/02/1981,7,2,2,4
3/03/1981,6,7,5,7
10/03/1981,4,7,4,4
17/03/1981,9,6,1,8
24/03/1981,5,4,5,7
31/03/1981,5,1,3,0
7/04/1981,0,8,6,2
14/04/1981,7,5,1,7
21/04/1981,2,8,9,7
28/04/1981,1,8,1,5
5/05/1981,6,6,0,5
12/05/1981,7,5,4,9
19/05/1981,8,8,8,0
26/05/1981,1,8,5,4
2/06/1981,2,4,8,0
9/06/1981,7,1,2,4
16/06/1981,0,4,9,9
23/06/1981,0,8,4,8
30/06/1981,7,5,8,2
7/07/1981,3,1,5,8
14/07/1981,3,0,6,1
21/07/1981,4,6,4,1
28/07/1981,4,9,3,4
11/08/1981,8,9,5,4
18/08/1981,2,6,9,3
25/08/1981,4,2,4,9
1/09/1981,4,4,5,3
8/09/1981,8,7,7,4
15/09/1981,7,4,0,7
22/09/1981,6,4,6,5
29/09/1981,1,2,2,1
6/10/1981,6,0,3,9
13/10/1981,9,3,9,2
20/10/1981,2,0,3,2
27/10/1981,3,9,4,5
3/11/1981,5,8,6,8
10/11/1981,5,8,5,2
17/11/1981,8,1,8,8
24/11/1981,1,3,3,8
1/12/1981,8,2,5,8
9/12/1981,6,9,0,8
28/12/1981,5,3,5,2
5/01/1982,3,0,5,6
12/01/1982,1,8,7,2
19/01/1982,6,1,2,7
26/01/1982,3,7,4,1
2/02/1982,5,3,7,5
9/02/1982,9,3,0,6
16/02/1982,0,1,9,8
23/02/1982,3,9,2,5
2/03/1982,3,3,3,3
9/03/1982,5,4,7,5
16/03/1982,5,1,2,8
23/03/1982,3,6,8,2
30/03/1982,3,6,8,3
6/04/1982,6,3,1,4
13/04/1982,6,8,9,3
20/04/1982,6,7,8,2
27/04/1982,3,4,8,5
4/05/1982,9,0,8,8
11/05/1982,6,8,0,6
25/05/1982,3,4,9,2
1/06/1982,1,6,5,2
8/06/1982,6,2,7,4
15/06/1982,6,3,1,1
30/06/1982,2,9,1,1
6/07/1982,9,6,7,2
13/07/1982,0,5,6,2
27/07/1982,2,3,0,1
3/08/1982,5,6,5,3
10/08/1982,4,9,8,9
17/08/1982,0,7,0,1
24/08/1982,1,2,6,7
31/08/1982,0,3,7,5
7/09/1982,6,1,2,1
14/09/1982,9,0,0,6
21/09/1982,0,5,8,5
28/09/1982,8,5,6,9
5/10/1982,0,3,1,9
13/10/1982,7,6,8,5
19/10/1982,3,9,6,4
2/11/1982,3,7,1,0
9/11/1982,0,5,9,1
16/11/1982,9,0,5,9
23/11/1982,3,8,0,5
30/11/1982,1,5,5,7
7/12/1982,3,1,2,8
14/12/1982,4,5,4,6
21/12/1982,1,4,4,1
28/12/1982,1,4,8,7
4/01/1983,6,4,4,9
11/01/1983,6,3,0,8
18/01/1983,0,3,8,3
25/01/1983,2,0,4,5
1/02/1983,9,4,2,4
15/02/1983,4,7,6,0
22/02/1983,8,0,1,2
8/03/1983,5,0,8,4
15/03/1983,1,1,3,3
22/03/1983,9,5,7,9
29/03/1983,9,3,4,2
5/04/1983,0,8,1,3
12/04/1983,6,7,1,1
19/04/1983,5,7,7,1
26/04/1983,6,7,3,8
3/05/1983,6,8,0,1
10/05/1983,0,3,4,2
17/05/1983,6,0,8,8
24/05/1983,0,8,1,7
31/05/1983,4,3,8,2
7/06/1983,0,7,1,9
14/06/1983,2,0,3,2
21/06/1983,0,9,1,0
28/06/1983,7,3,5,9
5/07/1983,7,7,2,8
12/07/1983,2,0,8,3
19/07/1983,0,0,4,1
26/07/1983,7,3,6,0
2/08/1983,1,5,4,1
9/08/1983,6,3,3,3
16/08/1983,2,8,6,4
23/08/1983,5,7,3,7
30/08/1983,1,4,4,6
6/09/1983,6,3,3,4
13/09/1983,3,8,0,3
20/09/1983,5,1,2,6
27/09/1983,7,1,5,1
4/10/1983,6,7,1,7
11/10/1983,4,7,9,3
18/10/1983,5,4,5,7
2/11/1983,7,4,8,8
8/11/1983,0,0,0,6
15/11/1983,8,7,2,5
22/11/1983,9,4,9,7
29/11/1983,6,0,4,1
6/12/1983,9,0,6,4
13/12/1983,3,6,1,7
20/12/1983,8,9,4,5
27/12/1983,4,7,0,8
3/01/1984,4,1,4,2
10/01/1984,8,0,9,6
17/01/1984,3,8,9,2
24/01/1984,5,7,0,5
31/01/1984,2,5,7,5
7/02/1984,4,8,2,8
14/02/1984,5,6,1,2
21/02/1984,3,9,8,5
28/02/1984,7,7,5,6
6/03/1984,8,4,1,6
13/03/1984,7,2,8,7
20/03/1984,5,5,4,0
27/03/1984,0,4,2,2
3/04/1984,2,7,7,9
10/04/1984,6,5,4,7
17/04/1984,8,2,0,8
24/04/1984,6,5,5,4
2/05/1984,4,9,9,7
8/05/1984,2,4,3,9
15/05/1984,7,3,3,5
22/05/1984,4,2,6,2
29/05/1984,6,1,2,1
5/06/1984,4,5,7,3
12/06/1984,8,7,5,9
19/06/1984,0,5,9,0
26/06/1984,2,0,2,8
3/07/1984,9,0,5,8
10/07/1984,9,2,3,8
17/07/1984,5,9,8,8
24/07/1984,5,6,8,0
31/07/1984,7,6,2,2
7/08/1984,9,0,7,7
14/08/1984,1,7,6,9
21/08/1984,2,3,5,7
28/08/1984,7,8,3,3
4/09/1984,7,7,4,3
11/09/1984,1,0,8,6
18/09/1984,8,4,1,7
25/09/1984,7,6,3,6
2/10/1984,4,4,4,6
9/10/1984,6,4,5,2
16/10/1984,2,2,9,5
23/10/1984,4,7,6,9
30/10/1984,6,6,0,9
6/11/1984,1,7,9,2
13/11/1984,1,4,0,3
20/11/1984,4,3,3,2
27/11/1984,0,9,1,8
4/12/1984,5,9,5,8
11/12/1984,0,2,4,9
18/12/1984,3,7,6,5
26/12/1984,0,8,3,7
2/01/1985,3,9,7,4
9/01/1985,9,0,3,8
15/01/1985,2,8,5,1
22/01/1985,8,9,0,6
29/01/1985,7,9,5,2
5/02/1985,8,9,7,5
12/02/1985,7,1,9,3
19/02/1985,3,1,1,6
26/02/1985,9,4,1,6
5/03/1985,9,2,9,6
12/03/1985,9,0,4,3
19/03/1985,4,1,8,3
26/03/1985,7,9,5,1
2/04/1985,4,5,8,2
9/04/1985,3,7,0,8
16/04/1985,9,1,0,4
23/04/1985,1,1,4,8
30/04/1985,4,2,1,2
7/05/1985,2,7,1,2
14/05/1985,8,9,8,0
21/05/1985,2,3,8,6
28/05/1985,2,4,9,3
4/06/1985,7,0,6,8
11/06/1985,6,7,5,3
18/06/1985,6,3,8,1
25/06/1985,7,7,6,2
2/07/1985,0,9,5,5
9/07/1985,3,6,7,1
16/07/1985,5,6,0,5
23/07/1985,0,7,4,5
30/07/1985,4,3,9,7
6/08/1985,1,4,8,2
13/08/1985,1,9,3,9
20/08/1985,1,6,2,4
27/08/1985,6,7,9,7
3/09/1985,3,8,6,7
10/09/1985,4,0,6,4
17/09/1985,2,3,2,2
24/09/1985,2,0,2,6
1/10/1985,8,5,9,5
8/10/1985,4,4,9,1
15/10/1985,3,9,0,9
22/10/1985,2,2,0,5
29/10/1985,7,2,8,8
5/11/1985,3,8,4,7
12/11/1985,4,6,5,7
19/11/1985,0,5,1,6
26/11/1985,6,1,3,6
3/12/1985,4,1,3,5
10/12/1985,6,3,8,2
17/12/1985,3,5,0,7
24/12/1985,4,5,7,7
31/12/1985,9,1,7,6
7/01/1986,7,2,1,8
14/01/1986,1,8,5,7
21/01/1986,6,0,0,4
28/01/1986,3,0,3,6
4/02/1986,7,9,3,2
11/02/1986,5,6,4,8
18/02/1986,4,8,9,5
25/02/1986,3,4,1,5
4/03/1986,8,9,6,1
11/03/1986,5,9,3,9
18/03/1986,2,1,2,4
25/03/1986,5,0,6,8
1/04/1986,0,8,6,3
8/04/1986,6,0,1,5
15/04/1986,7,3,9,4
22/04/1986,4,7,3,5
29/04/1986,9,2,5,8
6/05/1986,3,0,8,6
13/05/1986,2,2,6,3
20/05/1986,1,1,5,5
27/05/1986,2,0,2,6
3/06/1986,2,8,0,8
10/06/1986,8,6,8,2
17/06/1986,6,8,8,5
24/06/1986,7,0,7,1
1/07/1986,8,7,0,7
8/07/1986,7,0,2,7
15/07/1986,9,2,9,9
22/07/1986,0,4,6,9
29/07/1986,3,7,7,5
5/08/1986,7,5,8,3
12/08/1986,0,6,9,8
19/08/1986,5,7,1,5
26/08/1986,0,4,8,8
2/09/1986,8,2,8,8
9/09/1986,9,0,1,7
16/09/1986,6,8,5,1
23/09/1986,5,2,0,8
30/09/1986,7,1,3,3
7/10/1986,1,7,5,5
14/10/1986,7,5,4,0
21/10/1986,8,8,6,4
28/10/1986,6,1,6,4
4/11/1986,8,6,5,4
11/11/1986,0,1,3,7
18/11/1986,3,4,4,8
25/11/1986,5,7,0,7
2/12/1986,8,8,9,6
9/12/1986,6,7,5,4
16/12/1986,6,8,8,1
23/12/1986,8,2,0,6
30/12/1986,8,6,8,8
6/01/1987,3,5,8,2
13/01/1987,9,0,2,0
20/01/1987,7,9,6,0
27/01/1987,1,1,2,6
3/02/1987,8,9,8,4
10/02/1987,5,1,6,2
17/02/1987,2,8,7,2
24/02/1987,5,8,9,8
3/03/1987,2,7,1,8
10/03/1987,2,8,6,9
17/03/1987,5,3,5,8
24/03/1987,7,4,1,4
31/03/1987,7,4,5,3
7/04/1987,4,6,4,5
14/04/1987,0,1,6,1
21/04/1987,2,4,2,8
28/04/1987,6,5,1,7
5/05/1987,3,0,0,6
12/05/1987,5,8,5,6
19/05/1987,0,8,5,8
26/05/1987,6,1,0,2
2/06/1987,2,8,1,6
9/06/1987,7,4,2,1
16/06/1987,5,6,6,6
23/06/1987,1,5,8,6
30/06/1987,8,8,4,0
7/07/1987,5,9,1,9
14/07/1987,6,3,8,9
21/07/1987,7,5,7,2
28/07/1987,2,6,0,7
4/08/1987,7,9,4,1
11/08/1987,8,8,1,2
18/08/1987,9,1,0,6
25/08/1987,7,6,3,2
1/09/1987,2,9,3,6
8/09/1987,1,9,2,6
15/09/1987,2,2,4,2
22/09/1987,3,1,5,5
29/09/1987,8,2,4,0
6/10/1987,2,3,5,0
13/10/1987,7,0,5,2
20/10/1987,3,3,1,0
27/10/1987,2,5,4,5
3/11/1987,7,7,7,8
10/11/1987,7,7,4,2
17/11/1987,2,5,6,5
24/11/1987,7,6,4,3
1/12/1987,8,3,1,4
8/12/1987,2,2,8,0
15/12/1987,9,0,6,8
22/12/1987,9,4,2,3
29/12/1987,8,3,0,6
5/01/1988,2,7,2,8
12/01/1988,1,5,8,0
19/01/1988,3,6,3,1
26/01/1988,9,7,8,6
2/02/1988,8,6,6,1
9/02/1988,3,9,5,9
16/02/1988,0,8,0,8
23/02/1988,8,2,8,5
1/03/1988,1,0,5,1
8/03/1988,1,0,6,8
15/03/1988,0,6,7,1
22/03/1988,2,4,0,4
29/03/1988,7,3,7,9
5/04/1988,2,4,3,5
12/04/1988,1,1,2,3
19/04/1988,4,7,2,4
26/04/1988,5,7,1,5
3/05/1988,0,4,2,1
10/05/1988,8,8,7,7
17/05/1988,8,2,7,8
24/05/1988,8,2,5,2
31/05/1988,9,3,4,8
7/06/1988,2,0,8,0
14/06/1988,7,6,2,4
21/06/1988,1,0,3,5
28/06/1988,8,6,8,5
5/07/1988,6,3,1,6
12/07/1988,4,5,4,8
19/07/1988,4,0,1,9
26/07/1988,2,5,0,1
2/08/1988,4,7,3,9
9/08/1988,1,9,2,4
16/08/1988,4,8,2,6
23/08/1988,0,3,5,8
30/08/1988,1,6,2,9
6/09/1988,1,2,8,4
13/09/1988,1,4,1,2
20/09/1988,5,7,8,3
27/09/1988,5,1,3,8
4/10/1988,7,9,1,9
11/10/1988,1,6,6,7
18/10/1988,0,8,2,1
25/10/1988,7,5,6,4
1/11/1988,8,8,0,8
8/11/1988,8,1,2,1
15/11/1988,1,7,4,4
22/11/1988,3,7,1,7
29/11/1988,2,7,2,2
6/12/1988,8,9,1,2
13/12/1988,3,5,7,7
20/12/1988,5,9,8,2
27/12/1988,4,7,2,7
3/01/1989,2,0,4,3
10/01/1989,6,1,1,9
17/01/1989,5,5,9,2
24/01/1989,3,1,9,1
31/01/1989,9,6,6,5
7/02/1989,8,8,6,1
14/02/1989,4,9,7,7
21/02/1989,0,2,6,7
28/02/1989,1,1,7,2
7/03/1989,1,4,2,0
14/03/1989,5,2,4,4
21/03/1989,9,0,7,8
28/03/1989,5,3,1,8
4/04/1989,1,6,4,4
11/04/1989,4,1,2,3
18/04/1989,6,4,7,7
25/04/1989,6,2,1,1
2/05/1989,6,2,0,4
9/05/1989,3,7,4,6
16/05/1989,8,8,8,9
23/05/1989,9,3,0,9
30/05/1989,8,7,8,1
6/06/1989,4,7,1,5
13/06/1989,0,7,1,8
20/06/1989,5,7,4,0
27/06/1989,4,3,3,1
4/07/1989,4,8,5,3
18/07/1989,5,6,1,8
25/07/1989,5,3,8,6
1/08/1989,8,0,2,0
8/08/1989,8,0,9,0
15/08/1989,5,2,5,7
22/08/1989,2,0,7,1
29/08/1989,6,9,0,7
5/09/1989,5,9,8,1
12/09/1989,3,8,4,9
19/09/1989,2,6,1,8
26/09/1989,2,8,8,9
3/10/1989,9,6,6,6
10/10/1989,1,1,6,2
17/10/1989,7,2,4,2
24/10/1989,8,4,5,9
31/10/1989,3,3,0,9
14/11/1989,7,7,3,5
21/11/1989,5,2,6,9
28/11/1989,6,5,4,8
5/12/1989,7,2,4,5
12/12/1989,0,2,9,3
19/12/1989,5,2,7,1
26/12/1989,3,6,4,7
2/01/1990,2,1,8,0
9/01/1990,8,2,6,5
16/01/1990,8,8,4,0
23/01/1990,9,6,7,4
30/01/1990,6,9,8,6
6/02/1990,3,2,9,2
20/02/1990,4,9,1,4
27/02/1990,7,4,7,0
6/03/1990,6,1,3,3
13/03/1990,7,5,4,8
20/03/1990,1,2,4,4
27/03/1990,1,0,8,9
3/04/1990,8,1,0,3
10/04/1990,3,6,4,6
17/04/1990,9,6,2,8
24/04/1990,1,1,7,4
1/05/1990,1,4,4,8
8/05/1990,8,1,7,3
15/05/1990,6,6,6,8
22/05/1990,7,0,3,7
29/05/1990,9,4,9,0
5/06/1990,3,4,5,0
12/06/1990,3,0,1,4
19/06/1990,7,2,8,3
26/06/1990,1,0,0,3
3/07/1990,8,1,4,5
10/07/1990,3,5,6,6
17/07/1990,4,0,7,2
24/07/1990,2,2,4,7
31/07/1990,7,1,5,6
7/08/1990,7,5,0,4
14/08/1990,5,8,6,6
21/08/1990,3,9,1,8
28/08/1990,1,9,8,5
4/09/1990,4,2,8,7
11/09/1990,2,7,9,7
18/09/1990,7,7,9,0
25/09/1990,5,9,5,1
2/10/1990,2,7,7,1
9/10/1990,1,5,6,6
16/10/1990,2,2,8,6
23/10/1990,5,1,1,5
30/10/1990,8,1,1,3
6/11/1990,3,9,5,7
13/11/1990,4,6,1,8
20/11/1990,0,9,0,0
27/11/1990,7,4,5,3
4/12/1990,6,5,8,2
11/12/1990,5,4,0,7
18/12/1990,2,9,8,4
25/12/1990,2,9,7,9
1/01/1991,3,7,4,2
8/01/1991,5,2,2,3
15/01/1991,5,9,5,1
22/01/1991,6,1,7,9
29/01/1991,0,7,2,0
5/02/1991,1,0,8,6
12/02/1991,2,0,8,2
19/02/1991,7,1,6,8
26/02/1991,5,1,3,5
5/03/1991,7,8,4,9
12/03/1991,5,4,7,4
19/03/1991,5,1,6,9
26/03/1991,1,2,8,9
2/04/1991,8,5,7,9
9/04/1991,8,7,6,2
16/04/1991,1,6,7,6
23/04/1991,8,5,7,8
30/04/1991,4,6,9,3
7/05/1991,0,4,2,7
14/05/1991,1,9,9,1
21/05/1991,0,7,5,3
28/05/1991,4,1,1,2
4/06/1991,9,4,8,8
11/06/1991,5,2,1,7
18/06/1991,9,3,0,2
25/06/1991,8,7,7,8
2/07/1991,5,1,5,4
9/07/1991,1,8,0,7
16/07/1991,1,2,6,2
30/07/1991,5,5,9,4
6/08/1991,3,5,2,4
13/08/1991,9,1,6,1
20/08/1991,1,9,9,0
27/08/1991,7,7,7,5
3/09/1991,7,7,7,6
10/09/1991,7,9,5,0
17/09/1991,6,1,3,1
24/09/1991,5,5,6,5
1/10/1991,5,3,7,1
8/10/1991,8,5,8,3
15/10/1991,7,0,2,8
22/10/1991,0,3,9,3
29/10/1991,6,0,0,9
5/11/1991,7,7,5,8
12/11/1991,1,9,0,0
19/11/1991,2,6,3,6
26/11/1991,7,6,1,3
3/12/1991,0,0,7,7
10/12/1991,3,5,7,2
17/12/1991,7,9,4,8
24/12/1991,6,7,5,3
31/12/1991,1,5,8,6
7/01/1992,2,4,4,1
14/01/1992,0,5,2,6
21/01/1992,5,3,2,7
28/01/1992,3,7,2,5
4/02/1992,6,3,5,5
11/02/1992,6,5,5,8
18/02/1992,0,0,4,2
25/02/1992,2,9,4,6
3/03/1992,1,8,2,1
10/03/1992,8,7,0,3
17/03/1992,2,5,5,1
24/03/1992,3,0,6,6
31/03/1992,2,4,1,6
7/04/1992,9,6,3,3
14/04/1992,0,6,6,4
21/04/1992,9,3,0,2
28/04/1992,5,6,6,7
5/05/1992,5,0,7,2
12/05/1992,9,7,6,7
19/05/1992,0,2,6,9
26/05/1992,1,3,7,4
9/06/1992,1,2,5,7
16/06/1992,1,8,6,2
23/06/1992,9,3,2,8
7/07/1992,4,0,7,3
14/07/1992,0,7,8,4
21/07/1992,7,6,5,3
28/07/1992,2,5,7,8
4/08/1992,2,1,7,8
11/08/1992,8,7,9,5
18/08/1992,2,8,4,8
25/08/1992,1,9,5,2
1/09/1992,8,8,0,8
8/09/1992,4,7,9,4
15/09/1992,7,2,4,2
22/09/1992,2,9,4,8
29/09/1992,2,5,5,0
6/10/1992,6,5,3,2
13/10/1992,6,2,0,7
20/10/1992,2,2,8,7
27/10/1992,4,9,1,0
3/11/1992,7,8,5,1
10/11/1992,6,6,4,1
17/11/1992,4,0,7,9
24/11/1992,1,9,4,6
1/12/1992,0,6,1,8
8/12/1992,2,3,8,2
15/12/1992,2,7,0,9
22/12/1992,3,5,6,8
29/12/1992,7,3,4,9
5/01/1993,5,4,8,7
12/01/1993,5,7,3,9
19/01/1993,3,6,7,9
26/01/1993,0,3,5,0
2/02/1993,7,4,6,9
9/02/1993,8,5,2,3
16/02/1993,5,0,0,9
23/02/1993,2,0,5,4
2/03/1993,7,7,6,8
9/03/1993,4,9,0,2
16/03/1993,4,9,4,2
23/03/1993,3,2,5,1
30/03/1993,5,1,1,3
6/04/1993,3,3,8,8
13/04/1993,5,1,5,1
20/04/1993,5,9,6,4
27/04/1993,7,5,9,7
4/05/1993,4,7,4,1
11/05/1993,0,7,6,2
18/05/1993,3,4,0,3
25/05/1993,5,2,3,0
1/06/1993,2,9,4,5
8/06/1993,8,7,8,3
15/06/1993,5,4,8,9
22/06/1993,2,5,9,8
29/06/1993,9,1,5,5
6/07/1993,3,9,9,9
13/07/1993,2,4,4,5
21/07/1993,6,4,0,7
27/07/1993,3,0,0,3
3/08/1993,0,9,0,3
10/08/1993,8,0,0,5
17/08/1993,4,6,1,2
24/08/1993,9,1,3,3
7/09/1993,9,5,3,3
14/09/1993,0,4,4,5
21/09/1993,3,4,8,4
28/09/1993,3,3,9,0
5/10/1993,9,0,1,2
12/10/1993,2,1,7,7
19/10/1993,8,0,1,0
26/10/1993,2,6,4,0
2/11/1993,8,1,9,9
9/11/1993,5,2,0,6
16/11/1993,5,7,5,1
23/11/1993,4,4,1,7
30/11/1993,8,8,5,4
7/12/1993,2,6,7,6
14/12/1993,4,1,1,0
21/12/1993,5,4,2,1
28/12/1993,1,0,2,0
4/01/1994,1,8,7,5
11/01/1994,8,1,6,3
18/01/1994,8,9,8,7
25/01/1994,5,8,7,1
1/02/1994,5,3,1,6
8/02/1994,5,5,7,4
15/02/1994,7,6,7,1
22/02/1994,1,0,4,2
1/03/1994,2,2,1,8
8/03/1994,1,7,5,6
15/03/1994,5,7,8,2
29/03/1994,2,7,5,7
5/04/1994,1,1,4,8
12/04/1994,0,6,9,0
19/04/1994,7,5,5,2
26/04/1994,5,2,2,4
3/05/1994,8,7,5,3
10/05/1994,0,1,7,1
17/05/1994,5,5,8,9
24/05/1994,0,2,6,9
31/05/1994,3,0,3,4
7/06/1994,6,3,6,9
14/06/1994,2,2,7,1
21/06/1994,6,9,2,3
28/06/1994,2,2,5,7
5/07/1994,7,2,8,1
12/07/1994,8,5,9,6
26/07/1994,9,7,7,4
2/08/1994,1,3,3,6
9/08/1994,2,6,4,1
16/08/1994,3,2,6,8
23/08/1994,8,6,2,0
30/08/1994,7,4,2,1
6/09/1994,2,8,3,2
13/09/1994,7,7,5,9
20/09/1994,5,4,0,4
27/09/1994,6,7,4,1
4/10/1994,6,9,9,7
11/10/1994,5,3,7,6
18/10/1994,6,6,9,1
25/10/1994,6,0,9,8
1/11/1994,9,1,2,7
8/11/1994,6,3,2,1
15/11/1994,7,6,4,9
22/11/1994,4,4,6,4
29/11/1994,0,6,8,7
6/12/1994,6,4,5,4
13/12/1994,3,3,9,3
20/12/1994,7,5,3,7
27/12/1994,0,4,7,1
3/01/1995,4,7,9,7
10/01/1995,9,1,0,3
17/01/1995,8,7,3,2
24/01/1995,4,5,5,8
31/01/1995,0,6,1,1
7/02/1995,9,1,5,4
14/02/1995,8,8,0,6
21/02/1995,8,9,4,2
28/02/1995,5,5,5,4
7/03/1995,7,0,3,2
14/03/1995,5,1,5,1
21/03/1995,5,2,7,4
28/03/1995,7,1,1,1
4/04/1995,6,3,1,2
18/04/1995,5,4,3,5
25/04/1995,7,3,4,7
2/05/1995,2,8,2,7
9/05/1995,3,4,2,9
16/05/1995,0,8,8,7
23/05/1995,5,0,9,1
30/05/1995,3,6,2,0
6/06/1995,3,6,2,7
13/06/1995,2,0,2,5
20/06/1995,5,6,8,9
27/06/1995,5,8,0,4
4/07/1995,6,4,4,7
18/07/1995,6,5,8,7
25/07/1995,5,2,1,9
1/08/1995,5,6,2,4
8/08/1995,8,7,0,1
15/08/1995,4,3,6,2
22/08/1995,3,5,2,0
29/08/1995,5,4,4,6
5/09/1995,5,6,1,7
12/09/1995,9,7,0,1
19/09/1995,8,3,7,1
26/09/1995,2,6,4,9
3/10/1995,5,2,6,5
10/10/1995,4,5,6,2
17/10/1995,8,0,4,4
24/10/1995,7,5,3,6
31/10/1995,3,0,1,4
7/11/1995,6,3,5,8
14/11/1995,8,6,7,3
21/11/1995,3,8,4,2
28/11/1995,5,7,4,0
5/12/1995,2,5,8,2
12/12/1995,2,0,9,7
19/12/1995,7,3,3,7
26/12/1995,4,8,7,6
2/01/1996,8,4,8,9
9/01/1996,5,5,2,3
16/01/1996,5,2,8,2
23/01/1996,3,9,5,8
30/01/1996,5,2,0,0
6/02/1996,3,6,3,5
13/02/1996,5,5,6,4
20/02/1996,1,9,1,0
27/02/1996,9,2,5,1
5/03/1996,3,2,2,6
12/03/1996,4,0,6,5
19/03/1996,1,6,0,1
26/03/1996,2,7,8,5
2/04/1996,1,5,9,0
9/04/1996,9,5,7,8
16/04/1996,4,7,8,3
23/04/1996,2,0,4,0
30/04/1996,6,1,3,8
7/05/1996,3,0,6,4
14/05/1996,3,1,1,3
21/05/1996,1,2,8,1
28/05/1996,0,3,4,5
4/06/1996,7,7,3,9
11/06/1996,9,7,9,6
18/06/1996,0,6,1,5
25/06/1996,2,8,2,8
2/07/1996,5,8,3,4
9/07/1996,8,8,7,6
16/07/1996,6,1,6,9
23/07/1996,0,5,8,8
30/07/1996,0,3,9,4
6/08/1996,5,5,0,1
13/08/1996,8,6,4,9
20/08/1996,6,6,5,5
27/08/1996,1,4,1,8
3/09/1996,0,7,5,8
10/09/1996,6,2,1,4
17/09/1996,1,6,7,9
24/09/1996,0,5,9,2
1/10/1996,7,5,2,0
8/10/1996,2,8,1,6
15/10/1996,8,3,2,1
22/10/1996,1,7,0,2
29/10/1996,1,3,3,6
5/11/1996,0,1,7,4
12/11/1996,8,3,5,5
19/11/1996,7,3,2,3
26/11/1996,8,5,9,0
3/12/1996,6,9,8,7
10/12/1996,1,6,1,7
17/12/1996,9,0,5,0
7/01/1997,3,9,8,4
14/01/1997,7,2,2,5
21/01/1997,5,2,2,0
28/01/1997,6,2,7,3
4/02/1997,2,8,4,8
11/02/1997,5,2,0,1
18/02/1997,9,9,6,4
25/02/1997,8,6,8,9
4/03/1997,5,6,2,9
11/03/1997,9,3,4,2
18/03/1997,0,1,6,4
25/03/1997,3,2,3,6
1/04/1997,7,5,3,8
8/04/1997,2,7,2,5
15/04/1997,7,0,4,7
22/04/1997,0,8,4,0
29/04/1997,5,7,4,2
6/05/1997,4,0,6,6
13/05/1997,1,2,1,3
20/05/1997,4,8,0,3
27/05/1997,4,4,7,7
3/06/1997,1,1,0,5
10/06/1997,0,1,7,3
17/06/1997,1,3,9,2
24/06/1997,7,4,0,2
1/07/1997,7,1,2,6
8/07/1997,4,7,5,0
15/07/1997,5,2,7,6
22/07/1997,6,5,7,5
29/07/1997,6,4,0,2
5/08/1997,8,0,7,2
12/08/1997,2,4,3,1
19/08/1997,6,5,6,5
26/08/1997,1,7,0,9
2/09/1997,3,6,0,6
9/09/1997,6,9,5,8
16/09/1997,7,7,6,7
23/09/1997,4,3,9,3
30/09/1997,0,5,7,3
7/10/1997,7,7,2,0
14/10/1997,3,6,1,7
21/10/1997,7,9,9,7
28/10/1997,1,9,2,4
4/11/1997,3,4,1,1
11/11/1997,7,0,3,7
18/11/1997,8,0,2,6
25/11/1997,2,9,6,9
2/12/1997,0,2,2,6
9/12/1997,2,0,5,1
16/12/1997,8,0,7,8
23/12/1997,7,3,4,0
30/12/1997,1,0,3,9
6/01/1998,6,7,4,2
13/01/1998,8,4,1,4
20/01/1998,8,6,8,3
27/01/1998,1,7,3,0
3/02/1998,7,1,9,5
10/02/1998,1,6,3,3
17/02/1998,8,6,3,4
24/02/1998,0,7,3,4
3/03/1998,1,2,4,4
10/03/1998,1,6,2,7
17/03/1998,6,6,1,3
24/03/1998,8,6,7,2
31/03/1998,0,8,6,0
7/04/1998,9,4,2,3
14/04/1998,6,7,9,8
21/04/1998,6,1,6,5
28/04/1998,3,2,4,3
5/05/1998,5,3,6,5
12/05/1998,8,8,8,2
19/05/1998,1,0,4,3
26/05/1998,3,4,7,5
2/06/1998,2,4,6,5
9/06/1998,8,6,8,7
16/06/1998,4,6,0,3
23/06/1998,3,6,2,7
30/06/1998,1,1,3,1
7/07/1998,5,3,9,5
14/07/1998,2,8,3,5
21/07/1998,1,5,8,0
28/07/1998,9,0,4,2
4/08/1998,7,8,2,9
11/08/1998,3,5,7,1
18/08/1998,1,7,4,7
25/08/1998,5,2,4,3
1/09/1998,4,6,2,5
8/09/1998,4,1,1,2
15/09/1998,6,7,7,5
22/09/1998,0,1,1,0
29/09/1998,5,8,1,7
6/10/1998,4,5,6,3
13/10/1998,9,5,0,6
20/10/1998,8,4,9,0
27/10/1998,0,4,8,1
3/11/1998,3,2,0,3
10/11/1998,9,4,9,3
17/11/1998,3,0,2,1
24/11/1998,2,6,3,9
1/12/1998,9,4,4,5
8/12/1998,0,6,5,8
15/12/1998,1,5,7,1
22/12/1998,7,4,4,8
29/12/1998,2,7,6,5
5/01/1999,7,8,9,4
12/01/1999,1,0,2,8
19/01/1999,7,8,3,5
26/01/1999,0,0,9,1
2/02/1999,8,1,7,5
9/02/1999,9,6,6,2
16/02/1999,1,0,8,2
23/02/1999,8,8,9,6
2/03/1999,0,9,7,0
9/03/1999,1,0,2,6
16/03/1999,4,9,6,5
23/03/1999,2,0,2,5
30/03/1999,3,9,6,3
6/04/1999,9,4,4,8
13/04/1999,4,5,5,8
20/04/1999,3,4,8,9
27/04/1999,9,3,5,2
4/05/1999,3,9,1,5
11/05/1999,0,4,5,2
18/05/1999,2,1,7,9
25/05/1999,1,1,5,3
1/06/1999,1,5,3,8
8/06/1999,4,9,9,6
15/06/1999,3,2,8,2
22/06/1999,5,0,8,7
29/06/1999,3,6,6,9
6/07/1999,9,7,0,2
13/07/1999,7,4,3,4
20/07/1999,6,4,1,4
27/07/1999,2,5,3,9
3/08/1999,3,7,7,4
10/08/1999,5,1,5,3
17/08/1999,8,0,2,6
24/08/1999,0,6,3,3
31/08/1999,2,1,6,0
7/09/1999,5,6,1,0
14/09/1999,4,1,3,6
21/09/1999,4,1,8,7
28/09/1999,0,0,9,4
5/10/1999,3,2,7,3
12/10/1999,7,7,3,4
19/10/1999,2,0,5,0
26/10/1999,9,3,7,3
2/11/1999,8,0,1,5
9/11/1999,9,5,6,9
16/11/1999,2,0,9,1
23/11/1999,0,5,3,5
30/11/1999,4,3,5,3
7/12/1999,4,5,3,0
14/12/1999,8,6,7,9
21/12/1999,8,0,6,6
28/12/1999,9,9,2,8
4/01/2000,9,0,8,4
11/01/2000,6,8,4,6
18/01/2000,7,2,1,5
25/01/2000,6,5,3,4
1/02/2000,0,1,0,4
8/02/2000,0,3,0,3
15/02/2000,3,2,3,0
22/02/2000,4,9,3,0
29/02/2000,5,4,6,8
7/03/2000,9,4,3,3
14/03/2000,4,0,1,5
21/03/2000,6,1,9,3
28/03/2000,5,5,7,6
4/04/2000,1,7,1,2
11/04/2000,9,5,3,0
18/04/2000,1,5,0,8
25/04/2000,6,0,1,5
2/05/2000,8,7,3,7
9/05/2000,8,5,0,1
16/05/2000,7,8,6,6
23/05/2000,7,7,1,9
30/05/2000,8,9,3,0
6/06/2000,3,5,4,3
13/06/2000,1,4,5,3
20/06/2000,3,1,7,5
27/06/2000,8,2,4,8
4/07/2000,6,7,7,9
11/07/2000,1,0,8,2
18/07/2000,4,0,5,6
25/07/2000,3,3,1,2
1/08/2000,6,2,8,3
8/08/2000,5,9,5,7
15/08/2000,0,9,8,6
22/08/2000,2,1,7,3
29/08/2000,6,4,6,7
5/09/2000,8,1,7,8
12/09/2000,2,3,3,9
19/09/2000,1,1,0,3
26/09/2000,6,3,3,8
3/10/2000,2,1,1,3
10/10/2000,4,2,0,9
17/10/2000,1,0,7,1
24/10/2000,9,4,3,3
31/10/2000,6,1,9,4
7/11/2000,1,0,7,7
14/11/2000,3,7,8,3
21/11/2000,3,5,1,2
28/11/2000,8,6,9,0
5/12/2000,3,0,3,9
12/12/2000,1,3,9,9
19/12/2000,8,7,8,0
26/12/2000,2,0,4,5
2/01/2001,1,7,4,3
9/01/2001,9,8,4,7
16/01/2001,8,4,7,5
23/01/2001,4,0,8,4
3/04/2001,2,5,3,0
10/04/2001,8,7,5,4
17/04/2001,3,0,5,4
24/04/2001,4,3,8,6
1/05/2001,7,2,7,9
8/05/2001,7,2,9,0
15/05/2001,7,1,0,2
22/05/2001,3,2,1,9
29/05/2001,5,0,8,8
5/06/2001,4,0,3,6
12/06/2001,1,2,7,9
19/06/2001,9,2,7,2
26/06/2001,2,0,0,0
3/07/2001,5,8,0,6
10/07/2001,0,1,2,6
17/07/2001,9,2,1,1
24/07/2001,2,8,6,0
31/07/2001,1,2,7,1
7/08/2001,7,2,0,1
14/08/2001,9,9,4,4
21/08/2001,0,9,5,9
28/08/2001,2,8,2,6
4/09/2001,7,2,8,4
11/09/2001,0,5,1,3
18/09/2001,4,5,6,4
25/09/2001,2,8,6,4
2/10/2001,2,9,5,7
9/10/2001,6,7,3,0
16/10/2001,0,6,5,9
23/10/2001,9,0,3,6
30/10/2001,4,9,4,9
6/11/2001,7,9,0,6
13/11/2001,6,9,7,7
20/11/2001,9,6,6,8
27/11/2001,2,7,5,9
4/12/2001,3,8,9,7
11/12/2001,6,2,1,7
18/12/2001,6,4,6,1
25/12/2001,3,1,6,8
22/01/2002,8,4,0,0
29/01/2002,6,4,5,6
5/02/2002,3,2,7,3
12/02/2002,7,3,3,7
19/02/2002,8,1,7,6
26/02/2002,3,3,1,6
5/03/2002,4,0,5,0
12/03/2002,4,8,5,0
19/03/2002,5,6,6,7
26/03/2002,7,6,5,5
2/04/2002,1,8,4,2
9/04/2002,6,0,0,4
16/04/2002,8,0,3,3
23/04/2002,9,5,2,1
30/04/2002,2,8,3,4
7/05/2002,5,9,4,5
14/05/2002,7,2,5,7
21/05/2002,4,3,3,4
28/05/2002,3,3,8,8
4/06/2002,1,5,0,5
11/06/2002,9,7,4,2
18/06/2002,6,4,9,1
25/06/2002,6,2,4,7
2/07/2002,6,5,2,4
9/07/2002,9,2,9,5
16/07/2002,9,3,7,7
23/07/2002,2,5,9,0
30/07/2002,7,3,7,3
6/08/2002,2,1,2,8
13/08/2002,8,6,1,6
20/08/2002,2,9,4,2
27/08/2002,1,8,1,5
3/09/2002,3,0,6,9
10/09/2002,7,6,0,4
17/09/2002,1,4,1,3
24/09/2002,3,3,8,8
1/10/2002,7,9,3,1
8/10/2002,1,6,2,0
15/10/2002,6,5,2,2
22/10/2002,8,8,7,1
29/10/2002,2,5,4,4
5/11/2002,4,8,9,0
12/11/2002,8,1,5,7
19/11/2002,0,3,7,1
26/11/2002,4,7,0,4
3/12/2002,3,8,1,8
10/12/2002,5,9,0,1
17/12/2002,6,6,6,4
7/01/2003,8,3,7,3
14/01/2003,6,4,6,1
21/01/2003,4,0,8,1
28/01/2003,9,5,0,4
4/02/2003,1,8,4,2
11/02/2003,1,1,0,9
18/02/2003,9,0,3,7
25/02/2003,1,5,0,6
4/03/2003,0,8,8,8
11/03/2003,5,6,3,7
1/04/2003,0,7,5,2
8/04/2003,2,4,8,7
15/04/2003,2,0,9,4
22/04/2003,1,3,5,6
29/04/2003,5,9,6,7
6/05/2003,8,9,4,7
13/05/2003,4,7,0,9
20/05/2003,8,2,1,3
27/05/2003,4,5,3,6
3/06/2003,2,1,8,7
10/06/2003,9,2,5,8
17/06/2003,3,2,5,2
24/06/2003,6,3,5,4
1/07/2003,4,1,1,2
8/07/2003,5,0,4,2
15/07/2003,3,4,9,6
22/07/2003,0,0,6,5
29/07/2003,4,4,5,6
5/08/2003,7,3,1,1
12/08/2003,7,7,2,0
19/08/2003,6,0,6,7
26/08/2003,4,0,3,4
2/09/2003,4,1,6,8
9/09/2003,2,0,4,6
16/09/2003,2,8,5,0
23/09/2003,7,9,8,7
30/09/2003,2,7,4,7
7/10/2003,1,6,1,5
14/10/2003,1,6,4,6
21/10/2003,7,3,8,3
28/10/2003,2,7,5,8
4/11/2003,9,3,4,6
11/11/2003,6,5,6,8
18/11/2003,8,0,5,7
25/11/2003,1,7,4,4
2/12/2003,7,1,4,5
9/12/2003,9,7,9,9
16/12/2003,8,7,2,0
23/12/2003,9,1,7,6
30/12/2003,2,7,0,9
6/01/2004,6,7,0,2
13/01/2004,4,6,1,2
20/01/2004,8,9,1,5
27/01/2004,9,1,9,8
3/02/2004,9,5,9,0
10/02/2004,0,2,6,6
17/02/2004,1,9,1,7
24/02/2004,5,8,1,1
2/03/2004,8,9,0,0
9/03/2004,3,3,0,2
16/03/2004,4,4,4,7
23/03/2004,4,6,8,5
30/03/2004,8,9,6,0
6/04/2004,9,4,0,2
13/04/2004,7,1,7,1
20/04/2004,9,3,1,2
27/04/2004,1,7,3,7
4/05/2004,9,3,1,6
11/05/2004,3,4,3,2
18/05/2004,0,0,3,5
25/05/2004,9,5,8,2
1/06/2004,9,7,0,2
8/06/2004,4,0,5,5
15/06/2004,6,7,3,5
22/06/2004,7,9,8,2
29/06/2004,1,5,9,2
6/07/2004,2,6,4,0
13/07/2004,8,1,2,6
20/07/2004,9,8,3,5
27/07/2004,1,3,5,3
3/08/2004,7,5,7,4
10/08/2004,9,9,4,2
17/08/2004,1,6,5,8
24/08/2004,1,7,3,6
31/08/2004,8,1,3,9
7/09/2004,9,9,7,6
14/09/2004,1,4,5,8
21/09/2004,8,0,2,8
28/09/2004,5,7,9,4
5/10/2004,9,1,6,9
12/10/2004,5,0,4,3
19/10/2004,1,2,1,2
26/10/2004,5,2,0,9
2/11/2004,6,9,5,0
9/11/2004,8,3,5,3
16/11/2004,5,5,1,2
23/11/2004,6,8,0,0
30/11/2004,6,9,7,4
7/12/2004,3,2,5,0
14/12/2004,2,1,5,8
21/12/2004,4,8,0,9
28/12/2004,1,2,1,4
4/01/2005,5,8,2,3
11/01/2005,7,6,8,3
18/01/2005,7,9,8,6
25/01/2005,8,3,1,0
1/02/2005,2,9,3,0
8/02/2005,6,0,6,3
15/02/2005,0,7,3,1
22/02/2005,4,6,8,4
1/03/2005,7,4,4,1
8/03/2005,0,4,1,3
15/03/2005,7,4,8,2
22/03/2005,6,7,8,9
29/03/2005,3,4,2,2
5/04/2005,4,8,0,0
12/04/2005,9,6,0,6
19/04/2005,9,2,6,7
26/04/2005,0,5,4,2
3/05/2005,9,6,1,6
10/05/2005,8,8,2,3
17/05/2005,2,1,0,0
24/05/2005,5,7,9,1
31/05/2005,0,3,5,3
7/06/2005,4,5,7,8
14/06/2005,9,1,4,9
21/06/2005,6,7,4,3
28/06/2005,6,0,1,6
5/07/2005,1,5,6,7
12/07/2005,6,1,4,0
19/07/2005,4,9,9,8
26/07/2005,5,3,2,9
2/08/2005,1,9,6,0
9/08/2005,8,7,8,0
16/08/2005,0,8,6,8
23/08/2005,1,5,8,2
30/08/2005,9,4,3,7
6/09/2005,8,4,2,9
13/09/2005,9,1,5,3
20/09/2005,1,8,9,3
27/09/2005,8,3,1,7
4/10/2005,5,3,7,7
11/10/2005,0,0,0,1
18/10/2005,6,8,2,5
25/10/2005,6,4,3,4
1/11/2005,6,2,2,8
8/11/2005,2,8,3,5
15/11/2005,7,1,5,5
22/11/2005,7,9,1,4
29/11/2005,6,2,9,0
6/12/2005,7,9,5,4
13/12/2005,6,4,1,1
20/12/2005,8,3,3,5
27/12/2005,9,7,7,5
3/01/2006,1,6,0,8
10/01/2006,3,9,3,6
17/01/2006,0,1,6,3
24/01/2006,9,4,4,3
31/01/2006,5,9,8,8
7/02/2006,9,7,2,2
14/02/2006,0,9,5,9
21/02/2006,5,1,2,5
28/02/2006,0,9,5,3
7/03/2006,4,1,9,9
14/03/2006,5,5,0,1
21/03/2006,4,0,7,9
28/03/2006,5,9,4,6
4/04/2006,1,2,9,4
11/04/2006,6,8,1,4
18/04/2006,3,3,6,7
25/04/2006,3,6,0,9
2/05/2006,2,5,4,3
9/05/2006,1,0,5,2
16/05/2006,3,0,7,6
23/05/2006,0,8,8,3
30/05/2006,9,5,9,1
6/06/2006,5,8,7,4
13/06/2006,8,1,0,0
20/06/2006,4,6,8,0
27/06/2006,2,0,9,6
4/07/2006,2,8,5,7
11/07/2006,4,3,0,9
18/07/2006,3,3,8,3
25/07/2006,1,9,6,7
1/08/2006,9,9,2,4
8/08/2006,4,8,4,4
15/08/2006,1,7,8,3
22/08/2006,1,4,0,0
29/08/2006,3,4,1,4
5/09/2006,0,4,6,7
12/09/2006,1,2,1,1
19/09/2006,3,3,4,6
26/09/2006,9,4,3,7
3/10/2006,8,3,5,5
10/10/2006,0,6,2,5
17/10/2006,2,5,2,7
24/10/2006,9,9,1,0
31/10/2006,4,4,6,3
7/11/2006,4,6,8,1
14/11/2006,5,8,8,4
21/11/2006,8,5,4,5
28/11/2006,2,0,2,7
5/12/2006,1,6,9,3
12/12/2006,4,7,7,7
19/12/2006,8,5,5,8
26/12/2006,7,1,3,1
2/01/2007,5,9,0,3
9/01/2007,4,6,6,1
16/01/2007,3,0,5,3
23/01/2007,4,6,8,1
30/01/2007,7,5,3,3
6/02/2007,6,1,4,9
13/02/2007,4,7,1,2
20/02/2007,6,0,2,7
27/02/2007,9,7,4,3
6/03/2007,1,1,5,2
13/03/2007,6,4,6,5
20/03/2007,5,7,5,5
27/03/2007,5,2,1,1
3/04/2007,0,1,6,2
10/04/2007,8,7,0,2
17/04/2007,9,7,1,6
24/04/2007,0,5,8,5
1/05/2007,6,6,1,4
8/05/2007,2,7,3,1
15/05/2007,0,8,7,4
22/05/2007,3,5,6,1
29/05/2007,0,3,0,9
5/06/2007,5,2,5,9
12/06/2007,9,2,2,5
19/06/2007,1,3,4,8
4/01/2011,2,0,9,5
11/01/2011,1,0,0,2
18/01/2011,2,1,4,9
25/01/2011,4,8,1,8
8/02/2011,1,4,5,7
15/02/2011,7,1,6,9
22/02/2011,1,7,9,2
8/03/2011,5,9,2,5
15/03/2011,3,5,1,0
22/03/2011,5,8,2,8
29/03/2011,8,7,2,5
3/05/2011,9,5,2,4
10/05/2011,2,6,0,0
17/05/2011,1,7,8,7
24/05/2011,4,2,3,3
31/05/2011,7,4,6,1
7/06/2011,8,5,0,0
14/06/2011,8,3,9,3
21/06/2011,9,1,4,1
28/06/2011,4,0,7,1
5/07/2011,3,0,5,0
12/07/2011,0,1,8,1
19/07/2011,8,8,8,5
26/07/2011,2,9,1,2
3/01/2012,4,7,1,9
10/01/2012,4,0,0,5
17/01/2012,8,0,2,0
24/01/2012,6,6,4,9
31/01/2012,9,4,5,1
7/02/2012,9,0,5,4
14/02/2012,0,1,5,6
21/02/2012,4,2,8,3
28/02/2012,7,9,6,0
6/03/2012,5,2,0,7
13/03/2012,9,1,1,0
20/03/2012,7,9,3,6
27/03/2012,7,4,8,9
3/04/2012,3,7,8,8
17/04/2012,0,4,5,9
24/04/2012,2,5,0,7
2/05/2012,1,6,4,6
8/05/2012,2,0,7,3
15/05/2012,8,2,7,0
22/05/2012,0,1,4,2
29/05/2012,4,4,7,3
5/06/2012,9,6,7,6
12/06/2012,1,4,3,6
19/06/2012,0,4,1,6
26/06/2012,6,5,1,2
3/07/2012,3,0,0,7
10/07/2012,7,3,6,6
17/07/2012,2,2,0,2
24/07/2012,1,9,3,2
31/07/2012,6,2,7,1
7/08/2012,5,5,2,1
14/08/2012,3,5,0,9
21/08/2012,1,6,9,1
28/08/2012,9,3,8,1
4/09/2012,6,4,5,2
11/09/2012,7,8,3,5
18/09/2012,4,4,9,9
25/09/2012,0,0,4,0
2/10/2012,2,0,9,5
9/10/2012,1,1,4,6
16/10/2012,2,5,1,2
23/10/2012,7,2,4,3
30/10/2012,1,1,6,5
6/11/2012,6,5,9,1
13/11/2012,6,7,2,1
20/11/2012,4,5,3,8
27/11/2012,1,6,9,2
4/12/2012,5,6,3,4
11/12/2012,8,5,6,9
18/12/2012,8,8,9,8
26/12/2012,0,5,6,0
8/01/2013,5,4,2,4
15/01/2013,6,6,7,8
22/01/2013,7,1,8,2
29/01/2013,9,2,0,4
5/02/2013,0,9,2,9
12/02/2013,3,7,1,3
19/02/2013,1,8,4,8
26/02/2013,2,5,5,5
5/03/2013,9,2,5,2
12/03/2013,1,6,9,6
19/03/2013,2,7,7,1
26/03/2013,6,5,2,5
2/04/2013,1,1,9,0
9/04/2013,4,1,7,8
16/04/2013,9,6,0,4
23/04/2013,9,2,1,3
30/04/2013,5,7,8,7
7/05/2013,2,2,2,1
14/05/2013,8,9,7,6
21/05/2013,4,1,2,9
28/05/2013,1,9,2,9
4/06/2013,5,8,5,4
11/06/2013,6,6,1,0
18/06/2013,0,2,2,9
25/06/2013,9,5,5,4
2/07/2013,4,0,1,2
9/07/2013,8,4,6,6
16/07/2013,1,8,4,3
23/07/2013,6,2,1,2
30/07/2013,1,3,5,7
6/08/2013,5,3,2,1
13/08/2013,1,6,1,5
20/08/2013,0,6,0,1
27/08/2013,8,3,6,6
3/09/2013,8,5,3,6
10/09/2013,8,5,3,4
17/09/2013,4,7,2,2
24/09/2013,7,6,7,6
1/10/2013,9,3,1,5
8/10/2013,0,3,2,1
15/10/2013,0,4,2,0
22/10/2013,1,6,9,1
29/10/2013,3,7,3,4
5/11/2013,2,9,4,6
12/11/2013,3,8,2,1
19/11/2013,3,8,5,0
26/11/2013,6,6,7,1
3/12/2013,2,4,1,5
10/12/2013,0,0,0,2
17/12/2013,9,3,1,5
24/12/2013,1,4,9,9
31/12/2013,2,6,6,9
7/01/2014,9,1,7,6
14/01/2014,6,1,2,0
21/01/2014,5,8,6,2
28/01/2014,6,1,6,6
4/02/2014,4,5,4,3
11/02/2014,4,0,9,1
18/02/2014,7,9,2,2
25/02/2014,1,2,7,1
4/03/2014,9,8,2,3
11/03/2014,3,7,2,8
18/03/2014,0,5,3,9
25/03/2014,7,4,3,2
1/04/2014,5,3,6,6
8/04/2014,3,5,1,4
15/04/2014,1,0,6,4
22/04/2014,3,2,4,5
29/04/2014,6,1,9,8
6/05/2014,0,6,2,1
13/05/2014,5,7,3,1
20/05/2014,4,6,9,6
27/05/2014,9,4,7,2
3/06/2014,1,8,3,9
10/06/2014,9,5,2,3
17/06/2014,8,5,8,0
24/06/2014,0,1,7,0
1/07/2014,3,0,3,0
8/07/2014,8,6,8,1
15/07/2014,1,4,6,5
22/07/2014,7,3,1,4
29/07/2014,7,0,3,4
5/08/2014,4,4,1,0
12/08/2014,1,7,8,5
19/08/2014,3,4,6,8
26/08/2014,1,7,6,5
2/09/2014,8,9,3,0
9/09/2014,7,6,2,8
16/09/2014,3,1,8,9
23/09/2014,2,3,7,9
30/09/2014,9,5,0,1
7/10/2014,6,0,8,6
14/10/2014,4,4,7,2
21/10/2014,3,8,4,7
28/10/2014,1,3,7,2
4/11/2014,5,2,8,5
11/11/2014,6,0,8,2
18/11/2014,4,4,8,9
25/11/2014,4,5,4,6
2/12/2014,7,0,6,0
9/12/2014,7,1,5,4
16/12/2014,2,0,3,2
23/12/2014,5,9,1,2
30/12/2014,3,8,5,8
6/01/2015,1,3,8,4
13/01/2015,1,3,7,1
20/01/2015,9,0,4,9
27/01/2015,8,6,0,1
3/02/2015,6,9,2,3
10/02/2015,3,9,1,5
17/02/2015,5,8,4,7
24/02/2015,1,1,0,3
3/03/2015,2,7,2,8
10/03/2015,6,2,8,7
17/03/2015,9,6,0,5
24/03/2015,1,7,7,1
31/03/2015,0,9,7,6
7/04/2015,5,5,8,4
14/04/2015,9,2,7,9
21/04/2015,4,0,8,1
28/04/2015,1,5,9,7
5/05/2015,3,8,6,7
12/05/2015,7,4,2,3
19/05/2015,7,1,3,5
26/05/2015,1,1,0,2
2/06/2015,5,2,7,3
9/06/2015,8,7,1,8
16/06/2015,5,3,8,3
23/06/2015,0,6,0,3
30/06/2015,2,6,7,1
7/07/2015,4,3,3,9
14/07/2015,9,1,9,1
21/07/2015,5,8,6,7
28/07/2015,9,7,7,4
4/08/2015,6,3,5,8
11/08/2015,8,6,2,4
18/08/2015,8,2,2,8
25/08/2015,4,4,6,2
1/09/2015,8,6,4,5
8/09/2015,2,6,1,3
15/09/2015,1,5,9,0
22/09/2015,4,2,1,4
29/09/2015,8,5,8,2
6/10/2015,7,5,7,0
13/10/2015,5,7,3,1
20/10/2015,9,5,9,6
27/10/2015,3,6,4,3
3/11/2015,0,3,6,1
10/11/2015,5,6,5,3
17/11/2015,7,6,1,7
24/11/2015,4,2,3,5
1/12/2015,9,9,4,1
15/12/2015,0,7,1,9
29/12/2015,4,4,2,7
5/01/2016,6,9,6,7
12/01/2016,5,2,7,3
19/01/2016,9,6,6,3
26/01/2016,5,9,3,5
2/02/2016,9,5,6,3
9/02/2016,8,9,0,1
16/02/2016,8,8,0,6
23/02/2016,6,1,2,3
1/03/2016,0,7,1,7
8/03/2016,9,6,7,9
15/03/2016,4,8,8,2
22/03/2016,8,7,4,8
29/03/2016,7,1,7,9
5/04/2016,7,4,6,4
12/04/2016,8,5,7,2
19/04/2016,3,0,8,7
26/04/2016,0,5,2,9
3/05/2016,8,4,4,8
10/05/2016,0,0,1,7
17/05/2016,1,6,8,1
24/05/2016,5,1,7,5
31/05/2016,4,4,6,0
7/06/2016,6,6,7,0
14/06/2016,4,6,8,8
21/06/2016,7,2,4,1
28/06/2016,7,4,1,9
5/07/2016,0,1,8,4
12/07/2016,0,9,3,8
19/07/2016,8,5,3,1
26/07/2016,4,6,6,0
2/08/2016,0,4,3,6
9/08/2016,9,3,2,2
16/08/2016,0,6,1,3
23/08/2016,3,4,3,0
30/08/2016,0,1,8,4
6/09/2016,0,8,6,8
13/09/2016,6,8,9,0
20/09/2016,2,6,9,8
27/09/2016,5,3,5,8
4/10/2016,7,7,0,1
11/10/2016,1,3,5,9
18/10/2016,3,1,8,6
25/10/2016,4,4,4,3
1/11/2016,6,4,8,4
8/11/2016,6,0,0,4
15/11/2016,2,4,5,2
22/11/2016,8,8,5,3
29/11/2016,1,9,0,8
6/12/2016,1,4,5,9
13/12/2016,7,7,4,6
20/12/2016,8,9,5,3
27/12/2016,3,1,3,1
3/01/2017,0,4,5,1
10/01/2017,9,7,8,1
17/01/2017,0,0,1,3
24/01/2017,5,9,9,5
31/01/2017,0,2,3,1
07/02/2017,9,4,9,8
14/02/2017,2,1,6,9
21/02/2017,0,1,8,3
28/02/2017,4,9,5,5
07/03/2017,9,8,4,0
14/03/2017,2,5,3,8
21/03/2017,9,9,9,6
28/03/2017,2,8,4,5
04/04/2017,5,6,1,0
11/04/2017,1,4,5,2
18/04/2017,2,3,8,9
25/04/2017,7,4,6,1
02/05/2017,2,4,5,8
09/05/2017,6,3,1,3
16/05/2017,9,1,5,6
23/05/2017,6,2,5,8
30/05/2017,4,8,8,4
06/06/2017,7,0,1,7
13/06/2017,0,4,0,7
20/06/2017,2,3,4,7
27/06/2017,0,1,9,4
04/07/2017,0,5,0,3
11/07/2017,9,1,1,4
18/07/2017,1,6,5,2
25/07/2017,2,5,3,3
01/08/2017,3,8,7,8
08/08/2017,0,0,4,1
15/08/2017,9,1,4,4
22/08/2017,8,7,0,6
29/08/2017,9,6,3,9
05/09/2017,2,3,9,2
12/09/2017,5,5,4,2
19/09/2017,6,1,9,9
26/09/2017,0,7,6,6
03/10/2017,4,2,0,8
10/10/2017,8,3,0,6
17/10/2017,5,9,2,1
24/10/2017,8,2,4,7
31/10/2017,4,3,5,4
07/11/2017,9,1,9,5
14/11/2017,7,7,0,8
21/11/2017,2,8,6,3
28/11/2017,1,8,4,0
05/12/2017,9,8,6,7
12/12/2017,1,8,7,3
19/12/2017,3,1,7,8
26/12/2017,7,9,3,3
02/01/2018,7,8,2,3
09/01/2018,0,5,4,1
16/01/2018,4,2,0,2
23/01/2018,2,2,8,3
30/01/2018,4,3,4,1
06/02/2018,6,6,2,7
13/02/2018,6,7,3,6
20/02/2018,3,7,4,6
27/02/2018,3,8,2,0
06/03/2018,2,1,2,2
13/03/2018,5,0,0,3
20/03/2018,9,5,1,7
27/03/2018,0,6,5,1
03/04/2018,8,4,5,0
10/04/2018,5,1,0,3
17/04/2018,6,9,2,4
24/04/2018,6,3,4,4
03/05/2018,6,1,8,1
15/05/2018,2,4,2,0
22/05/2018,9,7,1,5
29/05/2018,4,2,8,9
05/06/2018,3,9,8,2
12/06/2018,7,7,9,7
19/06/2018,1,0,9,8
26/06/2018,9,6,8,9
03/07/2018,3,2,2,7
10/07/2018,1,3,0,5
17/07/2018,9,7,5,6
24/07/2018,2,2,7,8
31/07/2018,9,1,3,8
07/08/2018,6,1,7,7
14/08/2018,4,6,7,7
21/08/2018,0,1,6,8
28/08/2018,4,3,7,5
04/09/2018,3,4,3,5
11/09/2018,1,4,8,6
18/09/2018,5,0,3,6
25/09/2018,7,1,3,4
02/10/2018,8,4,0,9
09/10/2018,5,9,2,5
16/10/2018,0,4,4,7
23/10/2018,8,7,6,4
30/10/2018,0,0,6,6
06/11/2018,8,5,6,8
13/11/2018,2,1,2,6
20/11/2018,4,0,1,0
27/11/2018,6,8,6,7
04/12/2018,9,5,7,7
11/12/2018,5,9,3,1
18/12/2018,6,3,3,8
25/12/2018,2,9,8,3
02/01/2019,6,9,0,7
08/01/2019,5,4,4,2
15/01/2019,8,3,7,3
22/01/2019,7,1,5,7
29/01/2019,5,3,1,1
05/02/2019,9,3,8,1
12/02/2019,9,4,5,4
19/02/2019,8,4,7,6
26/02/2019,6,0,2,5
05/03/2019,1,3,9,6
12/03/2019,6,5,0,1
19/03/2019,2,0,0,2
26/03/2019,6,5,1,4
02/04/2019,3,4,7,5
09/04/2019,6,9,3,5
16/04/2019,9,1,8,5
23/04/2019,8,1,6,7
30/04/2019,4,1,3,8
07/05/2019,1,9,2,1
14/05/2019,4,7,4,5
21/05/2019,1,4,2,7
28/05/2019,0,7,5,8
04/06/2019,0,2,6,8
11/06/2019,6,7,9,1
18/06/2019,5,3,6,9
25/06/2019,3,9,5,3
02/07/2019,5,0,6,1
09/07/2019,9,1,1,6
16/07/2019,1,7,7,6
23/07/2019,0,5,2,6
30/07/2019,5,0,9,0
06/08/2019,2,8,9,7
13/08/2019,4,3,2,7
20/08/2019,5,7,8,5
27/08/2019,1,9,4,9
03/09/2019,7,7,8,2
10/09/2019,9,9,5,4
17/09/2019,8,0,0,7
24/09/2019,0,0,4,2
01/10/2019,8,1,0,5
08/10/2019,7,3,0,7
15/10/2019,1,9,5,0
22/10/2019,0,5,4,8
29/10/2019,6,5,7,3
05/11/2019,2,1,0,8
12/11/2019,7,0,6,6
19/11/2019,0,2,3,5
26/11/2019,9,0,1,5
03/12/2019,7,8,8,0
10/12/2019,6,0,8,8
17/12/2019,3,3,4,0
24/12/2019,7,5,5,9
31/12/2019,3,5,3,4
07/01/2020,3,0,6,9
14/01/2020,5,8,7,2
21/01/2020,2,9,7,7
28/01/2020,2,7,7,3
04/02/2020,1,0,6,8
11/02/2020,2,6,1,4
18/02/2020,9,8,5,4
25/02/2020,5,8,4,1
03/03/2020,1,0,3,2
10/03/2020,6,0,5,2
17/03/2020,2,5,2,9
12/05/2020,7,6,1,2
19/05/2020,8,8,1,6
26/05/2020,7,3,9,7
02/06/2020,7,0,9,0
09/06/2020,0,0,5,7
16/06/2020,2,4,0,0
23/06/2020,6,4,3,3
30/06/2020,9,7,8,6
07/07/2020,8,1,7,9
14/07/2020,7,6,6,1
21/07/2020,2,0,5,2