Fecha,Resultados
1975-01-10,8157
1975-01-17,4170
1975-01-24,7128
1975-02-01,3231
1975-02-14,6734
1975-02-21,5827
1975-02-28,2641
1975-03-07,1965
1975-03-14,256
1975-03-21,4377
1975-03-26,1139
1975-04-04,4279
1975-04-11,2776
1975-04-18,1262
1975-04-25,4896
1975-05-02,5761
1975-05-09,199
1975-05-16,8228
1975-05-23,2066
1975-05-25,6775
1975-05-30,1588
1975-06-05,613
1975-06-13,5086
1975-06-20,2519
1975-06-27,8136
1975-07-04,5246
1975-07-11,467
1975-07-18,8623
1975-08-01,5705
1975-08-08,2724
1975-08-14,7188
1975-08-22,5097
1975-08-29,1860
1975-09-05,7705
1975-09-12,8866
1975-09-19,1548
1975-09-26,1354
1975-10-03,1745
1975-10-10,2367
1975-10-17,9768
1975-10-24,5465
1975-10-31,6058
1975-11-07,3670
1975-11-14,4607
1975-11-21,3544
1975-11-28,5253
1975-12-05,9247
1975-12-12,7532
1975-12-19,4586
1976-01-09,2491
1976-01-16,6993
1976-01-23,3190
1976-01-30,166
1976-02-06,3224
1976-02-13,9540
1976-02-20,5242
1976-02-27,7711
1976-03-05,504
1976-03-12,3401
1976-03-18,1968
1976-03-26,5742
1976-04-02,7800
1976-04-09,766
1976-04-14,503
1976-04-23,3393
1976-04-30,7616
1976-05-07,9197
1976-05-14,2497
1976-05-21,3169
1976-05-28,2926
1976-06-04,6445
1976-06-11,8709
1976-06-18,9051
1976-06-24,6764
1976-07-02,7658
1976-07-09,5440
1976-07-16,6467
1976-07-23,7006
1976-07-30,5767
1976-08-06,9458
1976-08-13,8919
1976-08-20,5985
1976-08-27,8381
1976-09-03,3326
1976-09-10,6193
1976-09-17,8532
1976-09-24,5646
1976-10-01,8020
1976-10-08,285
1976-10-15,6726
1976-10-22,2212
1976-10-29,9912
1976-11-05,745
1976-11-12,3501
1976-11-19,1704
1976-11-26,7791
1976-12-03,8323
1976-12-10,5313
1976-12-17,8921
1976-12-24,9801
1977-01-07,8367
1977-01-14,4983
1977-01-21,7844
1977-01-28,3882
1977-02-04,4830
1977-02-11,2075
1977-02-18,6894
1977-02-25,8296
1977-03-04,7067
1977-03-11,470
1977-03-18,8606
1977-03-25,7372
1977-04-01,4759
1977-04-06,9363
1977-04-15,8946
1977-04-22,6434
1977-04-29,6963
1977-05-06,684
1977-05-13,4331
1977-05-20,1389
1977-05-27,3211
1977-06-03,9986
1977-06-10,6092
1977-06-16,4842
1977-06-24,821
1977-07-01,2856
1977-07-08,893
1977-07-15,1671
1977-07-22,6490
1977-07-29,2653
1977-08-05,9707
1977-08-12,8101
1977-08-19,9036
1977-08-26,1862
1977-09-02,4065
1977-09-09,1337
1977-09-16,1286
1977-09-23,5257
1977-09-30,949
1977-10-07,9474
1977-10-14,9661
1977-10-21,7163
1977-10-28,8965
1977-11-04,842
1977-11-10,4748
1977-11-18,7849
1977-11-25,5223
1977-12-02,1606
1977-12-09,613
1977-12-16,7603
1977-12-23,8801
1978-01-05,4963
1978-01-13,6702
1978-01-20,3685
1978-01-27,2723
1978-02-03,6093
1978-02-10,3994
1978-02-17,9606
1978-02-24,2282
1978-03-03,6801
1978-03-10,9522
1978-03-18,4359
1978-03-22,4232
1978-03-31,7796
1978-04-07,1956
1978-04-14,3112
1978-04-21,8584
1978-04-28,4248
1978-05-05,9482
1978-05-12,6150
1978-05-19,8050
1978-05-26,7604
1978-06-01,4521
1978-06-09,5008
1978-06-16,2594
1978-06-23,1846
1978-06-30,2616
1978-07-07,4401
1978-07-14,4548
1978-07-21,9740
1978-07-28,709
1978-08-04,4661
1978-08-11,8636
1978-08-18,6388
1978-08-25,3302
1978-09-01,5607
1978-09-08,2113
1978-09-15,6680
1978-09-22,9293
1978-09-29,2584
1978-10-06,307
1978-10-13,2308
1978-10-20,8716
1978-10-27,406
1978-11-03,9315
1978-11-10,4463
1978-11-17,2434
1978-11-24,3803
1978-12-01,6500
1978-12-07,382
1978-12-15,1640
1978-12-22,4612
1979-01-05,3204
1979-01-12,5288
1979-01-19,2749
1979-01-26,3079
1979-02-02,5221
1979-02-09,3374
1979-02-11,7259
1979-02-23,945
1979-03-02,2687
1979-03-09,4576
1979-03-16,2413
1979-03-23,5986
1979-03-30,6652
1979-04-06,7200
1979-04-11,7541
1979-04-20,4310
1979-04-27,7013
1979-05-04,8469
1979-05-11,7193
1979-05-18,1498
1979-05-25,7301
1979-06-01,4011
1979-06-08,9967
1979-06-15,270
1979-06-21,3347
1979-06-28,1823
1979-07-06,8661
1979-07-13,5173
1979-07-19,5185
1979-07-27,6759
1979-08-03,4750
1979-08-10,3092
1979-08-17,1539
1979-08-24,3526
1979-08-31,5967
1979-09-07,5329
1979-09-14,8301
1979-09-21,8441
1979-09-28,7612
1979-10-05,8687
1979-10-11,9385
1979-10-19,3611
1979-10-26,8640
1979-11-02,2732
1979-11-09,2805
1979-11-16,3350
1979-11-23,3860
1979-11-30,2885
1979-12-07,2327
1979-12-14,6993
1979-12-21,3712
1980-01-04,5306
1980-01-11,1178
1980-01-18,2934
1980-01-25,269
1980-02-01,6717
1980-02-08,9769
1980-02-15,6603
1980-02-22,4839
1980-02-29,4803
1980-03-07,2992
1980-03-14,7616
1980-03-21,3452
1980-03-28,5880
1980-04-02,174
1980-04-11,709
1980-04-18,3816
1980-04-25,8309
1980-05-02,9230
1980-05-09,3103
1980-05-16,5887
1980-05-23,7191
1980-05-30,4379
1980-06-06,3322
1980-06-12,4252
1980-06-20,8169
1980-06-27,2930
1980-07-04,8167
1980-07-11,5797
1980-07-18,9197
1980-07-25,5047
1980-08-01,7932
1980-08-08,3908
1980-08-14,6616
1980-08-22,5184
1980-08-29,8384
1980-09-05,2840
1980-09-12,6665
1980-09-19,4742
1980-09-26,1403
1980-10-03,4794
1980-10-10,8476
1980-10-17,305
1980-10-24,7683
1980-10-31,2936
1980-11-07,8973
1980-11-14,5050
1980-11-21,9573
1980-11-28,3355
1980-12-05,6967
1980-12-12,2041
1980-12-19,8227
1981-01-09,9377
1981-01-16,6069
1981-01-23,8564
1981-01-30,2948
1981-02-06,6432
1981-02-13,4829
1981-02-20,3388
1981-02-27,9994
1981-03-06,1513
1981-03-13,618
1981-03-20,3996
1981-03-27,8805
1981-04-03,2127
1981-04-10,6594
1981-04-15,9150
1981-04-24,4231
1981-04-30,8426
1981-05-08,9558
1981-05-15,4841
1981-05-22,8906
1981-05-29,2249
1981-06-05,941
1981-06-12,9313
1981-06-19,3683
1981-06-25,2302
1981-07-03,4519
1981-07-10,8443
1981-07-17,3186
1981-07-24,3138
1981-07-31,3403
1981-08-06,2448
1981-08-14,953
1981-08-21,4976
1981-08-28,491
1981-09-04,3143
1981-09-11,1760
1981-09-18,6016
1981-09-25,211
1981-10-02,9252
1981-10-09,1224
1981-10-16,787
1981-10-23,9071
1981-10-30,6145
1981-11-06,8802
1981-11-13,4383
1981-11-20,7924
1981-11-27,4318
1981-12-04,7697
1981-12-11,438
1981-12-18,2334
1981-12-23,9773
1982-01-08,1438
1982-01-15,8685
1982-01-22,392
1982-01-29,5487
1982-02-05,4150
1982-02-12,7958
1982-02-19,4453
1982-02-26,6832
1982-03-05,1375
1982-03-12,1996
1982-03-18,9436
1982-03-26,7531
1982-04-02,2680
1982-04-07,2265
1982-04-16,7252
1982-04-23,2109
1982-04-30,7309
1982-05-07,6968
1982-05-14,3673
1982-05-21,7079
1982-05-28,3131
1982-06-04,7570
1982-06-11,9728
1982-06-17,7853
1982-06-25,9002
1982-07-02,2117
1982-07-09,7576
1982-07-16,662
1982-07-23,2542
1982-07-30,4340
1982-08-06,3080
1982-08-13,5854
1982-08-20,3966
1982-08-27,9683
1982-09-03,8535
1982-09-10,2867
1982-09-17,5212
1982-09-24,201
1982-10-01,7824
1982-10-08,2036
1982-10-15,9739
1982-10-22,5677
1982-10-29,1452
1982-11-05,415
1982-11-12,4704
1982-11-19,8180
1982-11-26,8697
1982-12-03,1196
1982-12-10,1281
1982-12-17,3281
1982-12-23,7541
1983-01-07,4102
1983-01-14,3834
1983-01-21,9750
1983-01-28,5229
1983-02-04,2524
1983-02-11,993
1983-02-18,16
1983-02-25,4117
1983-03-04,9261
1983-03-11,8351
1983-03-18,1977
1983-03-25,3846
1983-03-30,9519
1983-04-08,4732
1983-04-15,6120
1983-04-22,8470
1983-04-29,6232
1983-05-06,1325
1983-05-13,307
1983-05-20,8534
1983-05-27,1586
1983-06-03,5256
1983-06-09,4821
1983-06-17,654
1983-06-24,1068
1983-07-01,182
1983-07-08,2246
1983-07-15,3992
1983-07-22,7511
1983-07-29,750
1983-08-05,3450
1983-08-12,9295
1983-08-19,533
1983-08-23,8861
1983-09-02,2798
1983-09-09,8309
1983-09-16,9180
1983-09-23,2240
1983-09-30,7393
1983-10-07,8609
1983-10-14,5098
1983-10-21,8119
1983-10-28,3058
1983-11-04,6659
1983-11-10,9810
1983-11-18,4367
1983-11-25,8281
1983-12-02,9350
1983-12-09,1095
1983-12-16,9923
1983-12-23,8944
1984-01-06,562
1984-01-13,5954
1984-01-20,3987
1984-01-27,7090
1984-02-03,6490
1984-02-10,381
1984-02-17,7222
1984-02-24,2993
1984-03-02,2334
1984-03-08,2662
1984-03-09,9375
1984-03-16,6439
1984-03-23,6159
1984-03-30,5846
1984-04-06,7275
1984-04-13,2407
1984-04-18,5817
1984-04-27,6004
1984-05-04,956
1984-05-11,2488
1984-05-18,4448
1984-05-25,4277
1984-06-01,9712
1984-06-08,9147
1984-06-15,2470
1984-06-22,3724
1984-06-29,5274
1984-07-06,5423
1984-07-13,3962
1984-07-19,9600
1984-07-27,8629
1984-08-03,8001
1984-08-10,9079
1984-08-17,9390
1984-08-24,9400
1984-08-31,5440
1984-09-07,4439
1984-09-14,4083
1984-09-21,7174
1984-09-28,8343
1984-10-05,7345
1984-10-12,6989
1984-10-19,268
1984-10-26,2029
1984-11-02,4243
1984-11-09,4961
1984-11-16,7238
1984-11-23,3327
1984-11-30,2382
1984-12-07,2651
1984-12-14,2284
1984-12-21,3983
1985-01-04,7877
1985-01-11,2339
1985-01-18,4678
1985-01-25,5924
1985-02-01,2696
1985-02-08,4188
1985-02-15,2126
1985-02-22,2559
1985-03-01,5470
1985-03-08,2662
1985-03-15,7442
1985-03-22,2648
1985-03-29,5585
1985-04-03,130
1985-04-12,6753
1985-04-19,3439
1985-04-26,5168
1985-05-03,8426
1985-05-10,238
1985-05-17,3871
1985-05-24,1733
1985-05-31,3678
1985-06-07,2452
1985-06-14,9122
1985-06-21,1621
1985-06-28,6691
1985-07-05,2475
1985-07-12,6086
1985-07-19,3676
1985-07-26,6842
1985-08-02,702
1985-08-09,3707
1985-08-16,5001
1985-08-23,5139
1985-08-30,3304
1985-09-06,7208
1985-09-13,1283
1985-09-20,6930
1985-09-27,641
1985-10-04,4892
1985-10-11,8194
1985-10-18,6863
1985-10-25,3849
1985-11-01,5771
1985-11-08,7708
1985-11-15,2360
1985-11-22,1890
1985-11-29,3269
1985-12-06,7762
1985-12-13,3720
1985-12-20,8302
1986-01-03,8610
1986-01-10,6697
1986-01-17,5628
1986-01-24,2660
1986-01-31,9903
1986-02-07,4881
1986-02-14,9658
1986-02-21,5407
1986-02-28,483
1986-03-07,4269
1986-03-14,5254
1986-03-21,3676
1986-03-26,5287
1986-04-04,1798
1986-04-11,3955
1986-04-18,9575
1986-04-25,8355
1986-05-02,908
1986-05-09,6086
1986-05-16,3283
1986-05-23,781
1986-05-30,5227
1986-06-06,7418
1986-06-13,9137
1986-06-20,2657
1986-06-27,9198
1986-07-04,3743
1986-07-11,5620
1986-07-18,4830
1986-07-25,9408
1986-08-01,8626
1986-08-08,9009
1986-08-15,6158
1986-08-22,2761
1986-08-29,243
1986-09-05,5302
1986-09-12,1807
1986-09-19,3074
1986-09-26,2018
1986-10-03,7740
1986-10-10,4140
1986-10-17,7281
1986-10-24,654
1986-10-31,4864
1986-11-07,6547
1986-11-14,1317
1986-11-21,497
1986-11-28,6599
1986-12-05,3995
1986-12-12,6934
1986-12-19,3641
1987-01-02,4360
1987-01-09,2543
1987-01-16,8603
1987-01-23,3163
1987-01-30,7328
1987-02-06,3031
1987-02-13,8088
1987-02-20,9441
1987-02-27,1273
1987-03-06,1397
1987-03-13,4737
1987-03-20,4819
1987-03-27,4373
1987-04-03,1893
1987-04-10,2373
1987-04-15,2496
1987-04-24,9938
1987-04-30,2210
1987-05-08,1291
1987-05-15,7927
1987-05-22,8461
1987-05-29,4013
1987-06-05,3692
1987-06-12,4122
1987-06-19,3899
1987-06-26,9973
1987-07-03,6171
1987-07-10,7653
1987-07-17,308
1987-07-24,6242
1987-07-31,1108
1987-08-06,2461
1987-08-14,2024
1987-08-21,6539
1987-08-28,3954
1987-09-04,9712
1987-09-11,7975
1987-09-18,6610
1987-09-25,4616
1987-10-02,7677
1987-10-09,6814
1987-10-16,8272
1987-10-23,6227
1987-10-30,5642
1987-11-06,2587
1987-11-13,2428
1987-11-20,9294
1987-11-27,1477
1987-12-04,6799
1987-12-11,9081
1987-12-18,2417
1987-12-31,9494
1988-01-08,8748
1988-01-15,1595
1988-01-22,1749
1988-01-29,1633
1988-02-05,6071
1988-02-12,4489
1988-02-19,2963
1988-02-26,8735
1988-03-04,4843
1988-03-11,6429
1988-03-18,2100
1988-03-25,7212
1988-03-30,6984
1988-04-08,7063
1988-04-15,4521
1988-04-22,8246
1988-04-29,9482
1988-05-06,1363
1988-05-13,6100
1988-05-20,8860
1988-05-27,7696
1988-06-03,7232
1988-06-10,2630
1988-06-17,1299
1988-06-24,1710
1988-07-01,2407
1988-07-08,1601
1988-07-15,9787
1988-07-22,5874
1988-07-29,5563
1988-08-05,1951
1988-08-12,2585
1988-08-19,3542
1988-08-26,962
1988-09-02,9164
1988-09-09,1890
1988-09-16,9714
1988-09-23,128
1988-09-30,211
1988-10-07,4676
1988-10-14,9902
1988-10-21,3941
1988-10-28,8773
1988-11-04,5853
1988-11-11,4627
1988-11-18,9464
1988-11-25,8751
1988-12-02,8998
1988-12-09,2727
1988-12-16,1968
1988-12-23,3674
1989-01-06,6079
1989-01-13,9565
1989-01-20,9852
1989-01-27,3798
1989-02-03,6341
1989-02-10,3203
1989-02-17,4752
1989-02-24,7536
1989-03-03,2130
1989-03-10,5262
1989-03-17,5149
1989-03-31,9519
1989-04-07,1356
1989-04-14,5708
1989-04-21,3759
1989-04-28,6828
1989-05-05,5258
1989-05-12,3574
1989-05-19,4433
1989-05-26,3331
1989-06-02,3646
1989-06-09,2912
1989-06-16,9279
1989-06-23,817
1989-06-30,3603
1989-07-07,3673
1989-07-14,341
1989-07-21,4496
1989-07-28,473
1989-08-04,7896
1989-08-11,8417
1989-08-18,998
1989-08-25,2511
1989-09-01,2332
1989-09-08,5939
1989-09-15,6146
1989-09-22,6790
1989-09-29,6081
1989-10-06,5215
1989-10-13,5149
1989-10-20,8011
1989-10-27,8748
1989-11-03,2844
1989-11-10,4184
1989-11-17,7735
1989-11-24,1301
1989-12-01,4972
1989-12-07,3772
1989-12-15,2281
1989-12-22,683
1989-12-29,4138
1990-01-05,2402
1990-01-12,2209
1990-01-19,7482
1990-01-26,5164
1990-02-02,3491
1990-02-09,842
1990-02-16,8296
1990-02-23,5955
1990-03-02,8452
1990-03-09,2353
1990-03-16,9123
1990-03-23,1397
1990-03-30,6639
1990-04-06,7918
1990-04-20,5034
1990-04-27,7345
1990-05-04,5595
1990-05-11,2259
1990-05-18,8724
1990-05-25,5328
1990-06-01,6165
1990-06-08,296
1990-06-15,2543
1990-06-22,7521
1990-06-29,6257
1990-07-06,3894
1990-07-13,8566
1990-07-19,7421
1990-07-27,3980
1990-08-03,3383
1990-08-10,4438
1990-08-17,9814
1990-08-24,3247
1990-08-31,6669
1990-09-07,6592
1990-09-14,5945
1990-09-21,4346
1990-09-28,8860
1990-10-05,5251
1990-10-12,8267
1990-10-19,9431
1990-10-26,753
1990-11-02,3555
1990-11-09,9774
1990-11-16,4471
1990-11-23,1626
1990-11-30,1830
1990-12-07,3691
1990-12-14,7345
1990-12-21,9535
1990-12-28,8395
1991-01-04,5786
1991-01-11,1263
1991-01-18,2922
1991-01-25,8509
1991-02-01,6601
1991-02-08,8731
1991-02-15,4504
1991-02-22,2467
1991-03-01,3348
1991-03-08,6946
1991-03-15,7601
1991-03-22,2962
1991-04-05,5082
1991-04-12,2748
1991-04-19,1626
1991-04-26,4905
1991-05-03,7360
1991-05-10,5861
1991-05-17,4855
1991-05-24,1144
1991-05-31,6209
1991-06-07,4207
1991-06-14,901
1991-06-21,1699
1991-06-28,6481
1991-07-05,7961
1991-07-12,9451
1991-07-19,3105
1991-07-26,5233
1991-08-02,6141
1991-08-09,2757
1991-08-16,768
1991-08-23,5956
1991-08-30,9937
1991-09-06,7821
1991-09-13,535
1991-09-20,4321
1991-09-27,4997
1991-10-04,6112
1991-10-11,7308
1991-10-18,6420
1991-10-25,9774
1991-11-01,1672
1991-11-08,2549
1991-11-15,4923
1991-11-22,3251
1991-11-29,6167
1991-12-06,5989
1991-12-13,778
1991-12-20,2835
1991-12-27,8634
1992-01-03,1887
1992-01-10,5710
1992-01-17,9433
1992-01-24,5242
1992-01-31,1908
1992-02-07,9746
1992-02-14,8242
1992-02-21,3757
1992-02-28,1309
1992-03-06,1567
1992-03-13,4029
1992-03-20,2966
1992-03-27,6351
1992-04-03,6023
1992-04-10,2658
1992-04-24,3871
1992-04-30,8738
1992-05-08,3077
1992-05-15,6482
1992-05-22,1537
1992-05-29,1352
1992-06-05,2451
1992-06-12,1283
1992-06-19,576
1992-06-26,7341
1992-07-03,3228
1992-07-10,8331
1992-07-17,6621
1992-07-24,1512
1992-07-31,1820
1992-08-06,457
1992-08-14,9172
1992-08-21,8376
1992-08-28,3646
1992-09-04,4145
1992-09-11,2911
1992-09-18,1378
1992-09-25,7364
1992-10-02,7233
1992-10-09,1898
1992-10-16,4123
1992-10-23,4070
1992-10-30,9156
1992-11-06,4972
1992-11-13,7135
1992-11-20,1338
1992-11-27,9644
1992-12-04,5134
1992-12-11,7780
1992-12-18,8280
1992-12-29,3634
1993-01-08,9189
1993-01-15,896
1993-01-22,6382
1993-01-29,9346
1993-02-05,1035
1993-02-12,6597
1993-02-19,5060
1993-02-26,9013
1993-03-05,6923
1993-03-12,5253
1993-03-19,8362
1993-03-26,341
1993-04-02,4405
1993-04-16,7668
1993-04-23,7047
1993-04-30,314
1993-05-07,4323
1993-05-14,448
1993-05-21,3804
1993-05-28,4213
1993-06-04,1469
1993-06-10,9138
1993-06-11,9055
1993-06-18,1687
1993-06-25,6476
1993-07-02,9774
1993-07-09,5348
1993-07-16,240
1993-07-23,3828
1993-07-30,9708
1993-08-06,5076
1993-08-13,730
1993-08-20,6965
1993-08-27,6684
1993-09-03,1219
1993-09-10,7644
1993-09-17,7097
1993-09-24,5288
1993-10-01,7321
1993-10-08,518
1993-10-15,2180
1993-10-22,6118
1993-10-29,9768
1993-11-05,1562
1993-11-12,1859
1993-11-19,3543
1993-11-26,4460
1993-12-03,7945
1993-12-10,1784
1993-12-17,4512
1993-12-24,5912
1993-12-31,3152
1994-01-07,8215
1994-01-14,1229
1994-01-21,8181
1994-01-28,4943
1994-02-04,2384
1994-02-11,7493
1994-02-18,296
1994-02-25,4977
1994-03-04,1524
1994-03-11,7054
1994-03-18,5454
1994-03-25,3586
1994-04-08,3152
1994-04-15,8240
1994-04-22,832
1994-04-29,8514
1994-05-06,9141
1994-05-13,916
1994-05-20,144
1994-05-27,6078
1994-06-03,2058
1994-06-10,9138
1994-06-17,6018
1994-06-24,3775
1994-07-01,6776
1994-07-08,725
1994-07-15,7504
1994-07-22,2885
1994-07-29,8239
1994-08-05,9129
1994-08-12,424
1994-08-19,9143
1994-08-26,4702
1994-09-02,2980
1994-09-09,4083
1994-09-16,4037
1994-09-23,6132
1994-09-30,7572
1994-10-07,8562
1994-10-14,6320
1994-10-21,1986
1994-10-28,3423
1994-11-04,662
1994-11-11,2912
1994-11-18,6970
1994-11-25,2768
1994-12-02,208
1994-12-09,1663
1994-12-16,2057
1994-12-23,252
1995-01-06,3297
1995-01-13,9633
1995-01-20,7564
1995-01-27,4675
1995-02-03,8832
1995-02-10,455
1995-02-17,7328
1995-02-24,2446
1995-03-03,4317
1995-03-10,3606
1995-03-17,581
1995-03-24,1046
1995-03-31,3494
1995-04-07,7717
1995-04-21,6930
1995-04-28,7889
1995-05-05,7819
1995-05-12,7623
1995-05-19,544
1995-05-26,9832
1995-06-02,1984
1995-06-09,5817
1995-06-16,8881
1995-06-23,9717
1995-06-30,7864
1995-07-07,6982
1995-07-14,3566
1995-07-21,1221
1995-07-28,2734
1995-08-04,8450
1995-08-11,2239
1995-08-18,6835
1995-08-25,9101
1995-09-01,600
1995-09-08,8643
1995-09-15,5057
1995-09-22,1181
1995-09-29,5423
1995-10-06,5155
1995-10-13,2818
1995-10-20,3178
1995-10-27,9561
1995-11-03,1827
1995-11-10,4205
1995-11-17,4481
1995-11-24,226
1995-12-01,1309
1995-12-07,2829
1995-12-15,4079
1995-12-22,7426
1995-12-29,2465
1996-01-05,8263
1996-01-12,9745
1996-01-19,4933
1996-01-26,137
1996-02-02,5771
1996-02-09,7349
1996-02-16,9239
1996-02-23,931
1996-03-01,8994
1996-03-08,1189
1996-03-15,9351
1996-03-22,8151
1996-03-29,3797
1996-04-03,6870
1996-04-12,9156
1996-04-19,7788
1996-04-26,6961
1996-05-03,8998
1996-05-10,6170
1996-05-17,6762
1996-05-24,7753
1996-05-31,5617
1996-06-07,2162
1996-06-14,3350
1996-06-21,3649
1996-06-28,8685
1996-07-05,8239
1996-07-12,9424
1996-07-19,3384
1996-07-26,4130
1996-08-02,2190
1996-08-09,5542
1996-08-16,5115
1996-08-23,1781
1996-08-30,8389
1996-09-06,6494
1996-09-13,1479
1996-09-20,5398
1996-09-27,4298
1996-10-04,9798
1996-10-11,3946
1996-10-18,5754
1996-10-25,7660
1996-11-01,6190
1996-11-08,5880
1996-11-15,6243
1996-11-22,2259
1996-11-29,2563
1996-12-06,6761
1996-12-20,7917
1996-12-27,4868
1997-01-03,1006
1997-01-10,3011
1997-01-17,8360
1997-01-24,974
1997-01-31,7739
1997-02-07,5267
1997-02-14,5586
1997-02-21,9454
1997-02-28,962
1997-03-07,4345
1997-03-14,7697
1997-03-21,6692
1997-04-04,1052
1997-04-11,960
1997-04-18,1728
1997-04-25,4603
1997-05-02,1652
1997-05-09,5551
1997-05-16,9388
1997-05-23,4717
1997-05-30,6940
1997-06-06,5209
1997-06-13,8973
1997-06-20,3089
1997-06-27,8721
1997-07-04,5065
1997-07-11,4926
1997-07-18,2153
1997-07-25,2477
1997-08-01,8475
1997-08-08,8660
1997-08-15,8020
1997-08-22,4202
1997-08-29,4032
1997-09-05,2338
1997-09-12,1020
1997-09-19,4452
1997-09-26,2518
1997-10-03,3295
1997-10-10,7034
1997-10-17,3383
1997-10-24,3936
1997-10-31,807
1997-11-07,1308
1997-11-14,6234
1997-11-21,9911
1997-11-28,6932
1997-12-05,720
1997-12-19,4820
1997-12-26,5283
1998-01-09,9145
1998-01-16,6529
1998-01-23,5672
1998-01-30,9767
1998-02-06,338
1998-02-13,1199
1998-02-20,9525
1998-02-27,961
1998-03-06,8563
1998-03-13,1627
1998-03-20,8069
1998-03-27,9751
1998-04-03,4982
1998-04-17,3343
1998-04-24,9738
1998-04-30,6578
1998-05-08,717
1998-05-15,2952
1998-05-22,6705
1998-05-29,1441
1998-06-05,2135
1998-06-12,4532
1998-06-19,7244
1998-06-26,7325
1998-07-03,4326
1998-07-10,4523
1998-07-17,9154
1998-07-24,8438
1998-07-31,8491
1998-08-14,9233
1998-08-21,5307
1998-08-28,8288
1998-09-04,4215
1998-09-11,342
1998-09-18,3206
1998-09-25,5467
1998-10-02,631
1998-10-09,510
1998-10-16,7683
1998-10-23,9306
1998-10-30,2430
1998-11-06,6224
1998-11-13,1855
1998-11-20,5694
1998-11-27,2773
1998-12-04,693
1998-12-11,8038
1998-12-18,4443
1998-12-23,9216
1999-01-08,9924
1999-01-15,8293
1999-01-22,9259
1999-01-29,2956
1999-02-05,72
1999-02-12,4973
1999-02-19,66
1999-02-26,8169
1999-03-05,1075
1999-03-12,5422
1999-03-19,2015
1999-03-26,9694
1999-04-09,8996
1999-04-16,3871
1999-04-23,5570
1999-04-30,9448
1999-05-07,37
1999-05-14,3630
1999-05-21,1975
1999-05-28,1636
1999-06-04,4214
1999-06-11,6566
1999-06-18,647
1999-06-25,4213
1999-07-02,5572
1999-07-09,9349
1999-07-16,9129
1999-07-23,410
1999-07-30,9673
1999-08-06,6076
1999-08-13,5912
1999-08-20,5555
1999-08-27,2983
1999-09-03,2048
1999-09-10,827
1999-09-17,3388
1999-09-24,9606
1999-10-01,6395
1999-10-08,8867
1999-10-15,7363
1999-10-22,7942
1999-10-29,3020
1999-11-05,3301
1999-11-12,9598
1999-11-19,8755
1999-11-26,4298
1999-12-03,2637
1999-12-10,5428
1999-12-17,888
1999-12-24,1244
2000-01-07,5607
2000-01-14,9011
2000-01-21,9286
2000-01-28,6619
2000-02-04,2102
2000-02-11,3822
2000-02-18,1042
2000-02-25,8800
2000-03-03,7238
2000-03-10,4217
2000-03-17,9980
2000-03-24,8729
2000-03-31,9073
2000-04-07,9815
2000-04-14,2287
2000-04-28,4749
2000-05-05,7538
2000-05-12,8523
2000-05-19,6555
2000-05-26,6176
2000-06-02,3773
2000-06-09,5208
2000-06-16,9263
2000-06-23,8931
2000-06-30,1452
2000-07-07,5884
2000-07-14,3945
2000-07-21,6569
2000-07-28,1376
2000-08-04,23
2000-08-11,3754
2000-08-18,7952
2000-08-25,1260
2000-09-01,6228
2000-09-08,8181
2000-09-15,3865
2000-09-22,7980
2000-09-29,2898
2000-10-06,5266
2000-10-13,8035
2000-10-20,7679
2000-10-27,6295
2000-11-03,4235
2000-11-10,5822
2000-11-17,2765
2000-11-24,7162
2000-12-01,3048
2000-12-15,6877
2000-12-22,7674
2000-12-29,5361
2001-01-05,598
2001-01-12,1025
2001-01-19,3569
2001-01-26,9063
2001-02-02,7758
2001-02-09,8845
2001-02-16,5059
2001-02-23,3814
2001-03-02,2074
2001-03-09,4745
2001-03-16,1513
2001-03-23,343
2001-03-30,1417
2001-04-06,7214
2001-04-20,6603
2001-04-27,1281
2001-05-04,3847
2001-05-11,7238
2001-05-18,8789
2001-05-25,9530
2001-06-01,3424
2001-06-08,9278
2001-06-15,4444
2001-06-22,8132
2001-06-29,3576
2001-07-06,1575
2001-07-13,882
2001-07-19,5386
2001-07-27,6827
2001-08-03,182
2001-08-10,1383
2001-08-17,1427
2001-08-24,1788
2001-08-31,9116
2001-09-07,7148
2001-09-14,2378
2001-09-21,7691
2001-09-28,4883
2001-10-05,2856
2001-10-12,1523
2001-10-18,9604
2001-10-26,2283
2001-11-02,5774
2001-11-09,1369
2001-11-16,9637
2001-11-23,1997
2001-11-30,1338
2001-12-07,1413
2001-12-14,7545
2001-12-21,1673
2001-12-28,5181
2002-01-04,7465
2002-01-11,5239
2002-01-18,1805
2002-01-25,8232
2002-02-01,5706
2002-02-08,8992
2002-02-15,6776
2002-02-22,7067
2002-03-01,355
2002-03-08,808
2002-03-15,9984
2002-03-22,678
2002-04-05,2426
2002-04-12,2005
2002-04-19,9332
2002-04-26,3452
2002-05-03,1987
2002-05-10,8433
2002-05-17,7709
2002-05-24,918
2002-05-31,9060
2002-06-07,8576
2002-06-14,7419
2002-06-21,9218
2002-06-28,2870
2002-07-05,7423
2002-07-12,8323
2002-07-19,2599
2002-07-26,5785
2002-08-02,5604
2002-08-09,765
2002-08-16,5930
2002-08-23,8197
2002-08-30,2116
2002-09-06,3099
2002-09-13,6455
2002-09-20,7452
2002-09-27,2923
2002-10-04,9341
2002-10-11,1091
2002-10-18,9398
2002-10-25,5756
2002-11-01,6230
2002-11-08,6965
2002-11-15,2459
2002-11-22,8138
2002-11-29,7751
2002-12-06,4373
2002-12-13,4054
2002-12-20,4422
2002-12-27,2297
2003-01-03,3699
2003-01-10,3127
2003-01-17,478
2003-01-24,4370
2003-01-31,8322
2003-02-07,7319
2003-02-14,175
2003-02-21,7531
2003-02-28,5127
2003-03-07,2748
2003-03-14,8298
2003-03-21,8012
2003-03-28,5150
2003-04-04,4085
2003-04-11,9814
2003-04-25,5770
2003-05-02,2194
2003-05-09,6063
2003-05-16,6883
2003-05-23,8921
2003-05-30,941
2003-06-06,2636
2003-06-13,7404
2003-06-20,141
2003-06-27,6509
2003-07-04,2523
2003-07-11,6015
2003-07-18,9250
2003-07-25,4068
2003-08-01,1349
2003-08-08,312
2003-08-15,3523
2003-08-22,8807
2003-08-29,3158
2003-09-05,5423
2003-09-12,2703
2003-09-19,1666
2003-09-26,9178
2003-10-03,9419
2003-10-10,7845
2003-10-17,4667
2003-10-24,1957
2003-10-31,3279
2003-11-07,281
2003-11-14,8872
2003-11-21,4007
2003-11-28,3448
2003-12-05,8412
2003-12-12,7677
2003-12-19,2183
2003-12-26,2066
2004-01-02,7929
2004-01-09,5782
2004-01-16,6203
2004-01-23,7282
2004-01-30,8852
2004-02-06,3108
2004-02-13,9486
2004-02-20,7899
2004-02-27,4769
2004-03-05,7618
2004-03-12,2519
2004-03-19,8257
2004-03-26,9046
2004-04-02,411
2004-04-16,3887
2004-04-23,8761
2004-04-30,2138
2004-05-07,9087
2004-05-14,9076
2004-05-21,5031
2004-05-28,5097
2004-06-04,7478
2004-06-11,3298
2004-06-18,8632
2004-06-25,9894
2004-07-02,1619
2004-07-09,7183
2004-07-16,3288
2004-07-23,2741
2004-07-30,1800
2004-08-06,819
2004-08-13,6209
2004-08-20,619
2004-08-27,3798
2004-09-03,4239
2004-09-10,1728
2004-09-17,8499
2004-09-24,8612
2004-10-01,4369
2004-10-08,4541
2004-10-15,3448
2004-10-22,3369
2004-10-29,7786
2004-11-05,2530
2004-11-12,9890
2004-11-19,8966
2004-11-26,3031
2004-12-03,7372
2004-11-10,2851
2004-12-17,1239
2004-12-24,9256
2004-12-31,7763
2005-01-07,8348
2005-01-14,9681
2005-01-21,7570
2005-01-28,7927
2005-02-04,2250
2005-02-11,7579
2005-02-18,1289
2005-02-25,269
2005-03-04,8955
2005-03-11,4055
2005-03-18,4391
2005-04-01,8023
2005-04-08,2364
2005-04-15,9591
2005-04-22,2995
2005-04-29,4663
2005-05-06,2734
2005-05-13,6105
2005-05-20,7844
2005-05-27,9353
2005-06-03,8017
2005-06-10,9567
2005-06-17,8182
2005-06-24,3637
2005-07-01,5713
2005-07-08,4406
2005-07-15,16
2005-07-22,1161
2005-07-29,9511
2005-08-05,9819
2005-08-12,8422
2005-08-19,1325
2005-08-26,180
2005-09-02,9532
2005-09-09,6027
2005-09-16,7629
2005-09-23,1627
2005-09-30,8221
2005-10-07,7917
2005-10-14,4688
2005-10-21,6660
2005-10-28,9713
2005-11-04,7639
2005-11-11,7528
2005-11-18,7385
2005-11-25,3007
2005-12-02,8024
2005-12-09,3164
2005-12-16,5531
2005-12-23,4574
2005-12-30,5341
2006-01-06,7429
2006-01-13,5553
2006-01-20,2566
2006-01-27,6262
2006-02-03,462
2006-02-10,9145
2006-02-17,3866
2006-02-24,6298
2006-03-03,6014
2006-03-10,5329
2006-03-17,6734
2006-03-24,4883
2006-03-31,5556
2006-04-07,4106
2006-04-12,188
2006-04-21,7249
2006-04-28,7826
2006-05-05,8804
2006-05-12,2582
2006-05-19,1788
2006-05-26,3016
2006-06-02,2797
2006-06-09,2272
2006-06-16,1747
2006-06-23,1975
2006-06-30,1584
2006-07-07,9926
2006-07-14,4042
2006-07-21,6861
2006-07-28,9813
2006-08-04,4987
2006-08-11,5618
2006-08-18,4346
2006-08-25,4706
2006-09-01,1861
2006-09-08,7742
2006-09-15,6303
2006-09-22,9274
2006-09-29,6292
2006-10-06,1525
2006-10-13,4473
2006-10-20,8976
2006-10-27,1650
2006-11-03,9549
2006-11-10,1890
2006-11-17,759
2006-11-24,9116
2006-12-01,4067
2006-12-08,3185
2006-12-15,5979
2006-12-22,4606
2006-12-29,4371
2007-01-05,3652
2007-01-12,9407
2007-01-19,9864
2007-01-26,5589
2007-02-02,1721
2007-02-09,5318
2007-02-16,3407
2007-02-23,5723
2007-03-02,1047
2007-03-09,1563
2007-03-16,1655
2007-03-23,957
2007-03-30,4055
2007-04-06,2680
2007-04-13,5208
2007-04-20,2485
2007-04-27,6373
2007-05-04,2902
2007-05-11,8235
2007-05-18,900
2007-05-25,1407
2007-06-01,3697
2007-06-08,252
2007-06-15,8259
2007-06-22,4101
2007-06-29,1944
2007-07-06,1545
2007-07-13,1364
2007-07-20,2086
2007-07-27,5028
2007-08-03,6327
2007-08-10,9141
2007-08-17,9371
2007-08-24,9482
2007-08-31,6090
2007-09-07,8251
2007-09-14,2522
2007-09-21,7265
2007-09-28,372
2007-10-05,5490
2007-10-12,7875
2007-10-19,880
2007-10-26,3108
2007-11-02,2820
2007-11-09,2025
2007-11-16,1544
2007-11-23,3730
2007-11-30,3055
2007-12-07,4123
2007-12-14,5699
2007-12-21,3243
2007-12-28,149
2008-01-04,7113
2008-01-11,2912
2008-01-18,8413
2008-01-25,8767
2008-02-01,2057
2008-02-08,34
2008-02-15,8919
2008-02-22,3776
2008-02-29,4755
2008-03-07,1865
2008-03-14,1363
2008-03-21,3036
2008-03-28,9511
2008-04-04,5379
2008-04-11,9234
2008-04-18,6549
2008-04-25,4169
2008-05-02,3324
2008-05-09,3704
2008-05-16,5329
2008-05-23,1828
2008-05-30,1678
2008-06-06,9591
2008-06-13,5327
2008-06-20,9541
2008-06-27,2852
2008-07-04,9603
2008-07-11,7972
2008-07-18,9435
2008-07-25,9717
2008-08-01,1022
2008-08-08,4122
2008-08-15,9332
2008-08-22,7631
2008-08-29,7827
2008-09-05,7780
2008-09-12,6499
2008-09-19,3839
2008-09-26,170
2008-10-03,7049
2008-10-10,7944
2008-10-17,1885
2008-10-24,4895
2008-10-31,9014
2008-11-07,9472
2008-11-14,2234
2008-11-21,9993
2008-11-28,2356
2008-12-05,6064
2008-12-12,4178
2008-12-19,5468
2008-12-26,3045
2009-01-02,1363
2009-01-09,2868
2009-01-16,1983
2009-01-23,3981
2009-01-30,7035
2009-02-06,5842
2009-02-13,863
2009-02-20,9651
2009-02-27,6882
2009-03-06,8826
2009-03-13,3801
2009-03-20,8543
2009-03-27,268
2009-04-03,6291
2009-04-11,7789
2009-04-17,5255
2009-04-24,7725
2009-05-02,4922
2009-05-08,5772
2009-05-15,4759
2009-05-22,3851
2009-05-29,5082
2009-06-05,9316
2009-06-12,6125
2009-06-19,5416
2009-06-26,6510
2009-07-03,99
2009-07-10,8847
2009-07-17,8390
2009-07-24,6645
2009-07-31,2837
2009-08-08,4712
2009-08-14,6517
2009-08-21,859
2009-08-28,3287
2009-09-04,7315
2009-09-11,2889
2009-09-18,3550
2009-09-25,8896
2009-10-02,4939
2009-10-09,4762
2009-10-16,6566
2009-10-23,775
2009-10-30,4702
2009-11-06,4371
2009-11-13,1028
2009-11-20,3391
2009-11-27,6639
2009-12-04,1592
2009-12-11,9583
2009-12-18,6431
2009-12-26,2759
2010-01-02,6259
2010-01-08,4548
2010-01-15,2411
2010-01-22,5264
2010-01-29,6978
2010-02-05,9063
2010-02-12,2803
2010-02-19,9776
2010-02-26,2350
2010-03-05,2727
2010-03-12,4559
2010-03-19,3548
2010-03-26,8050
2010-04-03,8079
2010-04-09,3374
2010-04-16,2049
2010-04-23,9024
2010-04-30,8127
2010-05-07,4038
2010-05-14,3343
2010-05-21,9496
2010-05-28,169
2010-06-04,5456
2010-06-11,6754
2010-06-18,6692
2010-06-25,3292
2010-07-02,6180
2010-07-09,9060
2010-07-16,7321
2010-07-23,2705
2010-07-30,1276
2010-08-06,8473
2010-08-13,9448
2010-08-20,1531
2010-08-27,265
2010-09-03,9572
2010-09-10,8875
2010-09-17,7287
2010-09-24,6620
2010-10-01,9048
2010-10-08,6062
2010-10-15,3948
2010-10-22,2337
2010-10-29,1799
2010-11-05,3347
2010-11-12,8061
2010-11-19,99
2010-11-26,3908
2010-12-03,5658
2010-12-10,3984
2010-12-17,6867
2010-12-24,4574
2010-12-31,169
2011-01-07,679
2011-01-14,6212
2011-01-21,2928
2011-01-28,5432
2011-02-04,9664
2011-02-11,2251
2011-02-18,938
2011-02-25,114
2011-03-04,6813
2011-03-11,6176
2011-03-18,79
2011-03-25,5062
2011-04-01,6378
2011-04-08,5832
2011-04-15,5037
2011-04-23,2727
2011-04-29,3714
2011-05-06,841
2011-05-13,9916
2011-05-20,2416
2011-05-27,2081
2011-06-03,9236
2011-06-10,2155
2011-06-17,8646
2011-06-24,1515
2011-07-01,874
2011-07-08,4784
2011-07-15,3642
2011-07-22,1165
2011-07-29,3272
2011-08-05,620
2011-08-12,9132
2011-08-19,7307
2011-08-26,5101
2011-09-02,3914
2011-09-09,9871
2011-09-16,7785
2011-09-23,4014
2011-09-30,8268
2011-10-07,5896
2011-10-14,1302
2011-10-21,6601
2011-10-28,8391
2011-11-04,4779
2011-11-11,6645
2011-11-18,9120
2011-11-25,8207
2011-12-02,7953
2011-12-09,7285
2011-12-16,6368
2011-12-23,5300
2011-12-30,3257
2012-01-06,2565
2012-01-13,2798
2012-01-20,578
2012-01-27,6202
2012-02-03,2253
2012-02-10,7147
2012-02-17,2410
2012-02-24,1173
2012-03-02,1771
2012-03-09,3616
2012-03-16,9103
2012-03-23,3424
2012-03-30,2271
2012-04-07,6566
2012-04-13,4286
2012-04-20,860
2012-04-27,7298
2012-05-04,9043
2012-05-11,6866
2012-05-18,7251
2012-05-25,539
2012-06-01,4647
2012-06-08,1334
2012-06-15,3582
2012-06-22,998
2012-06-29,5496
2012-07-06,7307
2012-07-13,944
2012-07-21,5266
2012-07-27,3992
2012-08-03,4238
2012-08-10,1207
2012-08-17,9900
2012-08-24,9259
2012-08-31,9945
2012-09-07,8973
2012-09-14,9129
2012-09-21,6041
2012-09-28,7322
2012-10-05,7179
2012-10-12,515
2012-10-19,6757
2012-10-26,2350
2012-11-02,6991
2012-11-09,1897
2012-11-16,5804
2012-11-23,5032
2012-11-30,609
2012-12-07,5691
2012-12-14,342
2012-12-21,3524
2012-12-28,8200
2013-01-04,1648
2013-01-11,2586
2013-01-18,863
2013-01-25,3464
2013-02-01,9136
2013-02-08,5563
2013-02-15,6282
2013-02-22,3378
2013-03-01,4468
2013-03-08,272
2013-03-15,2570
2013-03-22,2770
2013-03-30,1421
2013-04-05,5662
2013-04-12,3651
2013-04-19,4361
2013-04-26,9858
2013-05-03,5861
2013-05-10,5711
2013-05-17,2303
2013-05-24,1977
2013-05-31,5320
2013-06-07,826
2013-06-14,7585
2013-06-21,1708
2013-06-28,7655
2013-07-05,9260
2013-07-12,4934
2013-07-19,5618
2013-07-26,621
2013-08-02,7706
2013-08-09,9227
2013-08-16,7987
2013-08-23,2607
2013-08-30,8349
2013-09-06,6550
2013-09-13,2713
2013-09-20,8490
2013-09-27,2816
2013-10-04,6963
2013-10-11,5249
2013-10-18,7519
2013-10-25,455
2013-11-01,4637
2013-11-08,5678
2013-11-15,3298
2013-11-22,5988
2013-11-29,4088
2013-12-06,4100
2013-12-13,5862
2013-12-20,9529
2013-12-27,1995
2014-01-03,7940
2014-01-10,5132
2014-01-17,1713
2014-01-24,6455
2014-01-31,5582
2014-02-07,949
2014-02-14,1150
2014-02-21,1249
2014-02-28,9154
2014-03-07,1584
2014-03-14,2806
2014-03-21,9847
2014-03-28,8064
2014-04-04,965
2014-04-11,1270
2014-04-19,1548
2014-04-25,3665
2014-05-02,9059
2014-05-09,7916
2014-05-16,6843
2014-05-23,2498
2014-05-30,8758
2014-06-06,7364
2014-06-13,7823
2014-06-20,4845
2014-06-27,9400
2014-07-04,7537
2014-07-11,8954
2014-07-18,3627
2014-07-25,7721
2014-08-01,8986
2014-08-08,6388
2014-08-15,9716
2014-08-22,5507
2014-08-29,5545
2014-09-05,8350
2014-09-12,1884
2014-09-19,7707
2014-09-26,3607
2014-10-03,8502
2014-10-10,4374
2014-10-17,5102
2014-10-24,7959
2014-10-31,5393
2014-11-07,2398
2014-11-14,1569
2014-11-21,9816
2014-11-28,2004
2014-12-05,4125
2014-12-12,3544
2014-12-19,9835
2014-12-26,7603
2015-01-02,782
2015-01-09,3780
2015-01-16,7608
2015-01-23,1049
2015-01-30,5554
2015-02-06,7643
2015-02-13,9808
2015-02-20,9880
2015-02-27,8104
2015-03-06,695
2015-03-13,193
2015-03-20,1721
2015-03-27,1436
2015-04-04,6935
2015-04-10,3133
2015-04-17,265
2015-04-24,8363
2015-04-30,1672
2015-05-08,8058
2015-05-15,7928
2015-05-22,9390
2015-05-29,1406
2015-06-05,700
2015-06-12,7744
2015-06-19,9586
2015-06-26,2708
2015-07-03,1929
2015-07-10,3559
2015-07-17,2611
2015-07-24,9002
2015-07-31,575
2015-08-08,6999
2015-08-14,4697
2015-08-21,6333
2015-08-28,8409
2015-09-04,6490
2015-09-11,2702
2015-09-18,1172
2015-09-25,2287
2015-10-02,9629
2015-10-09,8448
2015-10-16,1859
2015-10-23,2530
2015-10-30,4472
2005-11-06,7630
2015-11-13,8521
2015-11-20,2431
2015-11-27,4637
2015-12-04,2988
2015-12-11,1815
2015-12-24,7165
2015-12-31,1056
2016-01-08,9594
2016-01-15,3670
2016-01-22,133
2016-01-29,4338
2016-02-05,685
2016-02-12,4519
2016-02-19,1116
2016-02-26,7728
2016-03-04,2882
2016-03-11,6630
2016-03-18,6386
2016-03-26,2039
2016-04-01,7219
2016-04-08,181
2016-04-15,3596
2016-04-22,1181
2016-04-29,9183
2016-05-06,268
2016-05-13,2187
2016-05-20,5450
2016-05-27,5226
2016-06-03,5816
2016-06-10,3423
2016-06-17,2696
2016-06-24,575
2016-07-01,9896
2016-07-08,5823
2016-07-15,7131
2016-07-22,9550
2016-07-29,1176
2016-08-05,1228
2016-08-12,1335
2016-08-19,8100
2016-08-26,1897
2016-09-02,1449
2016-09-09,4554
2016-09-16,7594
2016-09-23,624
2016-09-30,8712
2016-10-07,8272
2016-10-14,6355
2016-10-21,6087
2016-10-28,1395
2016-11-04,4584
2016-11-11,6888
2016-11-18,2331
2016-11-25,981
2016-12-02,4006
2016-12-09,4944
2016-12-16,5241
2016-12-30,417
2017-01-06,4240
2017-01-13,4612
2017-01-20,6620
2017-01-27,5682
2017-02-03,6163
2017-02-10,8192
2017-02-17,5589
2017-02-24,8178
2017-03-03,7292
2017-03-10,9908
2017-03-17,6935
2017-03-24,9746
2017-03-31,2406
2017-04-07,4956
2017-04-15,7074
2017-04-21,8286
2017-04-28,9162
2017-05-05,4405
2017-05-12,3842
2017-05-19,9323
2017-05-26,9063
2017-06-02,7196
2017-06-09,2804
2017-06-16,7932
2017-06-23,2816
2017-06-30,2880
2017-07-07,9294
2017-07-14,8499
2017-07-21,5681
2017-07-28,3683
2017-08-04,5501
2017-08-11,4674
2017-08-18,3786
2017-08-25,3939
2017-09-01,6712
2017-09-08,5918
2017-09-15,8238
2017-09-22,6422
2017-09-29,7942
2017-10-06,9946
2017-10-13,1731
2017-10-20,839
2017-10-27,6780
2017-11-03,2416
2017-11-10,4823
2017-11-17,8676
2017-11-24,6834
2017-12-01,7429
2017-12-09,9389
2017-12-15,6334
2017-12-22,269
2017-12-29,7661
2018-01-05,587
2018-01-12,6511
2018-01-19,9627
2018-01-26,9248
2018-02-02,4444
2018-02-09,7958
2018-02-16,7954
2018-02-23,9791
2018-03-02,4809
2018-03-09,1295
2018-03-16,2531
2018-03-23,1780
2018-03-31,4786
2018-04-06,6631
2018-04-13,8642
2018-04-20,4272
2018-04-27,2647
2018-05-04,5801
2018-05-11,7976
2018-05-18,5653
2018-05-25,8975
2018-06-01,7129
2018-06-08,7462
2018-06-15,5444
2018-06-22,6706
2018-06-29,1786
2018-07-06,5943
2018-07-13,6024
2018-07-21,1540
2018-07-27,250
2018-08-03,821
2018-08-10,5105
2018-08-17,7525
2018-08-24,9285
2018-08-31,8808
2018-09-07,4410
2018-09-14,7321
2018-09-21,4430
2018-09-28,8012
2018-10-05,4592
2018-10-12,8273
2018-10-19,5840
2018-10-26,4201
2018-11-02,9975
2018-11-09,5471
2018-11-16,3091
2018-11-23,2451
2018-11-30,7678
2018-12-07,2719
2018-12-14,6285
2018-12-21,1515
2018-12-28,7621
2019-01-04,8251
2019-01-11,1500
2019-01-18,7765
2019-01-25,6922
2019-02-01,4461
2019-02-08,5151
2019-02-15,1803
2019-02-22,922
2019-03-01,9502
2019-03-08,9144
2019-03-15,3056
2019-03-22,5514
2019-03-29,4602
2019-04-05,1460
2019-04-12,9675
2019-04-20,1931
2019-04-26,6756
2019-05-03,1453
2019-05-10,6595
2019-05-17,3590
2019-05-24,3218
2019-05-31,9258
2019-06-07,7852
2019-06-14,4726
2019-06-21,8207
2019-06-28,77
2019-07-05,1938
2019-07-12,4916
2019-07-19,8047
2019-07-26,5458
2019-08-02,5240
2019-08-09,5279
2019-08-16,6945
2019-08-23,8456
2019-08-30,2098
2019-09-06,9990
2019-09-13,5249
2019-09-20,2717
2019-09-27,2507
2019-10-04,9129
2019-10-11,5797
2019-10-18,6787
2019-10-25,8509
2019-11-01,9061
2019-11-08,7667
2019-11-15,6283
2019-11-22,7852
2019-11-29,2222
2019-12-06,7060
2019-12-13,5479
2019-12-20,8899
2019-12-27,3097
2020-01-03,7384
2020-01-10,6377
2020-01-17,3311
2020-01-24,9171
2020-01-31,8876
2020-02-07,2582
2020-02-14,9019
2020-02-21,1972
2020-02-28,6798
2020-03-06,7636
2020-03-13,4702
2020-03-20,9358
2020-05-15,211
2020-05-22,9383
2020-05-29,5044
2020-06-05,1560
2020-06-12,2312
2020-06-19,6537
2020-06-26,8039
2020-07-03,7767
2020-07-10,7424
2020-07-17,9879
2020-07-24,3363
2020-07-31,4901
2020-08-08,8984
2020-08-14,6143
2020-08-21,828
2020-08-28,2613
2020-09-04,8508
2020-09-11,9315
2020-09-18,7498
2020-09-25,9055
2020-10-02,9606
2020-10-09,4439
2020-10-16,3045
2020-10-23,7309
2020-10-30,2836
2020-11-06,4387
2020-11-13,3283
2020-11-20,1495
2020-11-27,6132
2020-12-04,6399
2020-12-11,549
2020-12-18,2429
2020-12-24,1670
2021-01-02,5455
2021-01-08,6589
2021-01-15,7022
2021-01-22,6059
2021-01-29,374
2021-02-05,539
2021-02-12,7403
2021-02-19,4468
2021-02-26,6401
2021-03-05,7109
2021-03-12,7675
2021-03-19,3079
2021-03-26,7707
2021-04-03,5614
2021-04-09,3257
2021-04-16,3169
2021-04-23,8781
2021-04-30,1230
2021-05-07,4807
2021-05-14,9549
2021-05-21,3191
2021-05-28,5741
2021-06-04,2570
2021-06-11,8743
2021-06-18,6418
2021-06-25,2520
2021-07-02,1014
2021-07-09,3356
2021-07-16,1319
2021-07-23,7403
2021-07-30,7516
2021-08-06,5126
2021-08-13,2517
2021-08-20,861
2021-08-27,2762
2021-09-03,8755
2021-09-10,1447
2021-09-17,9336
2021-09-24,3653
2021-10-01,3535
2021-10-08,465
2021-10-15,3302
2021-10-22,8228
2021-10-29,4579
2021-11-05,8168
2021-11-12,7611
2021-11-19,7808
2021-11-26,4611
2021-12-03,9978
2021-12-10,8621
2021-12-17,7850
2021-12-24,9832
2021-12-31,4362
2022-01-07,3206
2022-01-14,9747
2022-01-21,7845
2022-01-28,2624
2022-02-04,1341
2022-02-11,5742
2022-02-18,6085
2022-02-25,3306
2022-03-04,1082
2022-03-11,3708
2022-03-18,1677
2022-03-25,3112
2022-04-01,3181
2022-04-08,3729
2022-04-16,1096
2022-04-22,2898
2022-04-29,4915
2022-05-06,1306
2022-05-13,626
2022-05-20,1427
2022-05-27,3373
2022-06-03,5937
2022-06-10,6451
2022-06-17,4007
2022-06-24,5631
2022-07-01,6320
2022-07-08,7671
2022-07-15,4044
2022-07-22,8942
2022-07-29,667
2022-08-05,3562
2022-08-12,858
2022-08-19,1194
2022-08-26,7167
2022-09-02,627
2022-09-09,4116
2022-09-16,6083
2022-09-23,1737
2022-09-30,1064
2022-10-07,4974
2022-10-14,2604
2022-10-21,5030
2022-10-28,8388
2022-11-04,4550
2022-11-11,8271
2022-11-18,3950
2022-11-25,9718
2022-12-02,7001
2022-12-09,3975
2022-12-16,8603
2022-12-23,5174
2022-12-30,7134
2023-01-06,1311
2023-01-13,7698
2023-01-20,8945
2023-01-27,3935
2023-02-03,2469
2023-02-10,8424
2023-02-17,3559
2023-02-24,1055
2023-03-03,4732
2023-03-10,9162
2023-03-17,7899
2023-03-24,2228
2023-03-31,8984
2023-04-07,5724
2023-04-14,4773
2023-04-21,4512
2023-04-28,8945
2023-05-05,4798
2023-05-12,2701
2023-05-19,1952
2023-05-26,8060
2023-06-02,7768
2023-06-09,1258
2023-06-16,9557
2023-06-23,5987
2023-06-30,1279
2023-07-07,7318
2023-07-14,3803
2023-07-21,6539
2023-07-28,2013
2023-08-04,3728
2023-08-11,5328
2023-08-18,3267
2023-08-25,2780
2023-09-01,8716
2023-09-08,1876
2023-09-15,1480
2023-09-22,1666
2023-09-29,1767
2023-10-06,8058
2023-10-13,6313
2023-10-20,204
2023-10-27,1090
2023-11-03,2410
2023-11-10,247
2023-11-17,9234
2023-11-24,5938
2023-12-01,2518
2023-12-08,1597
2023-12-15,7630
2023-12-22,8645
2023-12-29,9867
2024-01-05,2864
2024-01-12,4180
2024-01-19,6543
2024-01-26,9490
2024-02-02,9533
2024-02-09,2079
2024-02-16,2067
2024-02-23,447
2024-03-01,3863
2024-03-08,7087
2024-03-15,7128
2024-03-22,3332
2024-03-29,2570
2024-04-05,123
2024-04-12,9690
2024-04-19,7611
2024-04-26,8323
2024-05-03,2218
2024-05-10,6633
2024-05-17,1243
2024-05-24,5701
2024-05-31,5217
2024-06-07,5855
2024-06-14,6860
2024-06-21,3248
2024-06-28,1736
2024-07-05,7905
2024-07-12,9288
2024-07-19,4022
2024-07-26,9125
2024-08-02,4480
2024-08-09,2530
2024-08-16,7311
2024-08-23,5559
2024-08-30,845
2024-09-06,7737
2024-09-13,83
2024-09-20,8724
2024-09-27,8347
2024-10-04,9937
2024-10-11,8441
2024-10-18,8650
2024-10-25,5318
2024-11-01,5972
2024-11-08,7175
2024-11-15,966
2024-11-22,852
2024-11-29,1916
2024-12-06,8901
2024-12-13,6540
2024-12-20,4085
2024-12-27,5536
2025-01-03,423
2025-01-10,728
2025-01-17,7025
2025-01-24,2678
2025-01-31,5740
2025-02-07,185
2025-02-14,3686
2025-02-21,2185
2025-02-28,492
2025-03-07,5359
2025-03-14,1682
2025-03-21,7290
2025-03-28,2097
2025-04-04,3484
2025-04-11,4020
2025-04-18,9060
2025-04-25,4266
2025-05-02,0071
2025-05-09,5329
2025-05-16,9405
2025-05-23,9798
2025-05-30,0624
2025-06-06,6840
2025-06-13,6138
2025-06-20,0539
2025-06-27,9191
